,
δέ
·
.
ὁ
καί
τε
ἐγώ
οὐ
εἰμί
ἐν
ὅς
ὡς
σύ
μέν
ἄρα
τις
ἄν
ἀλλά
γάρ
"
ἐπί
αὐτός
πᾶς
γε
ἀνήρ
ναῦς
δή
ἕ
ἐκ
ἀτάρ
κατά
πολύς
εἰς
φημί
εἰ
ἄλλος
ἔρχομαι
θεός
θυμός
ἔχω
ἐπεί
νῦν
μέγας
ἤ
Ἀχαιός
Ὀδυσσεύς
Ζεύς
φίλος
μιν
χείρ
Τρώς
υἱός
μή
εἶπον
πέρ
μάλα
εἶμι
ἠδέ
παρά
ἔνθα
ἔπειτα
ἀπό
δίδωμι
ὑπό
βάλλω
ὅδε
ἵππος
ἵστημι
ὅτε
ἔπος
Ἕκτωρ
εἶδον
κακός
ἑταῖρος
;
ἦ
αἱρέω
μετά
βαίνω
δῖος
περί
Ἀχιλλεύς
τίθημι
πρός
φέρω
αὖτε
ἀμφί
πατήρ
ὄφρα
ἐμός
οὗτος
φρήν
ἔτι
ἑός
γίγνομαι
Ἀθήνη
καλός
ἄγω
οἶδα
μῦθος
μέγαρον
γαῖα
παῖς
λαός
σφεῖς
ἐθέλω
ἱκνέομαι
πούς
τότε
πόλεμος
δόρυ
δῶμα
ὅσος
γυνή
ὦ
ἅμα
Τηλέμαχος
μάχομαι
ἔγχος
ὄρνυμι
ἀεί
πρῶτος
πρόσφημι
ἔργον
μνηστήρ
ἀνά
ἄναξ
ἕκαστος
ποτέ
πόλις
τοι
σύν
ἄριστος
Ἀργεῖος
σός
γέρων
ξένος
διά
εὖ
Ἀτρείδης
μήτηρ
πείθω
θεά
Αἴας
ἀθάνατος
χαλκός
κεῖμαι
ἕπομαι
πρίν
ἄγε
τεῦχος
αὐτίκα
στῆθος
ἄνθρωπος
Μενέλαος
κελεύω
ἦμαρ
προσεῖπον
xxx
Ἀγαμέμνων
μένος
μένω
ἵημι
ἀκούω
μέλας
ἵνα
προσαυδάω
πίπτω
ἀλλήλων
ἐλαύνω
βοῦς
τεύχω
οἷος
αὖ
ἀμείβω
ὄλλυμι
ἀγορεύω
πῦρ
λείπω
κρατερός
φωνέω
Ἄρης
φεύγω
εὐρύς
πού
ἐάω
φαίνω
Ἀπόλλων
κτείνω
εὔχομαι
θοός
ἐρύω
οἶος
ἐσθλός
δύο
Δαναοί
ὦμος
οἶκος
χέω
ἤδη
Πρίαμος
δαμάζω
δόμος
ἄνωγα
μέσος
αἶψα
Πάτροκλος
ὀξύς
λύω
νοέω
ὅτι
θνήσκω
κεφαλή
θάνατος
ταχύς
ὀτρύνω
ὧδε
τελέω
πόντος
ἔοικα
νύξ
μάχη
ἄστυ
λαμβάνω
ἧμαι
οἶνος
πτερόεις
δύω
πατρίς
αὖθις
τίκτω
οἴομαι
τῷ
Ἥρα
ἄρχω
μακρός
ἐκεῖνος
δῶρον
πρότερος
γιγνώσκω
ἠέλιος
ἀπαμείβομαι
χρύσεος
ἀγαθός
τόσος
πω
ἅλς
ἐνθάδε
γόνυ
ὠκύς
θάλασσα
κλισία
πάσχω
ὀφθαλμός
δύναμαι
ἱκάνω
ἀμύμων
βροτός
δῆμος
Ἴλιος
ἀμφότερος
κύων
αἷμα
Νέστωρ
μέμαα
ἅπας
ἥρως
τεῖχος
ἠώς
πεδίον
ποταμός
καλέω
̓
κόρη
τόξον
μιμνήσκω
φράζω
ἄψ
χρώς
θυγάτηρ
ἄλοχος
πέλω
ἀχεύω
κῦμα
κίω
μοῖρα
νέος
ὁράω
ἄνεμος
χαίρω
δείδω
ἤτοι
βασιλεύς
αἰνός
ὕπνος
βία
κλύω
δάκρυον
νόος
πάρος
ὅθι
ὕδωρ
ἴσος
ῥέζω
ἐρῶ
ἡμέτερος
ναίω
πόσις
τέρπω
αὐδάω
Ὄλυμπος
δεινός
κέλομαι
οὕτως
τοῖος
ἀσπίς
φρονέω
ἕζομαι
παύω
ἀμύνω
οὐδέ
ἦτορ
πέμπω
φώς
αὐτοῦ
ὄρος
ἄλγος
βουλή
ἕνεκα
οὐρανός
λανθάνω
τάχα
γλαυκῶπις
κῆρυξ
ὅμιλος
οἴχομαι
πίνω
πυκνός
παρίστημι
νέομαι
βέλος
πρόσθεν
δίφρος
ὁπότε
μέλλω
ὁδός
ἠμί
καλύπτω
μάλιστα
οὖν
γλαφυρός
ἀντίος
θέω
Πηνελόπεια
φαεινός
πολύμητις
ὑπέρ
φιλέω
τλάω
κλαίω
ἀνίστημι
ὄλεθρος
μίγνυμι
κάρα
πέπνυμαι
πως
Διομήδης
ψυχή
μῆλον
εὑρίσκω
κῆρ
εἷς
εὐνή
εἷμα
Ποσειδεών
δέχομαι
σάκος
ἱερός
Ἰθάκη
χθών
ποιέω
νέκυς
κῦδος
Αἰνείας
τέκνον
κήρ
ἆρα
Ἰδομενεύς
δαίς
οὔτε
ὦκα
μεγάθυμος
οὐκέτι
Φαίαξ
πρό
ὅπως
θεῖος
κλυτός
οἴκαδε
λίσσομαι
δεῦρο
πειράω
νῆσος
χολόω
χρυσός
Κρονίων
ὗς
καίω
Τροία
εἰσοράω
ἀμφίπολος
ἀγλαός
νήπιος
ἀγορά
δέω
θύρα
ὅστις
ἀραρίσκω
τρέφω
χιτών
σχεδόν
φαίδιμος
Ἀλκίνοος
συβώτης
κρείων
πυνθάνομαι
θεράπων
ἵζω
σῖτος
καταλέγω
ἀλκή
πότνια
πόρω
ποιμήν
Πηλεύς
ἅρμα
νόστος
κεῖνος
χάλκεος
ἀείρω
θάλαμος
μεγαλήτωρ
βοή
ἀπόλλυμι
ἀνάσσω
κονία
ἕτερος
θείνω
μᾶλλον
ξίφος
νεκρός
μετεῖπον
ἀνέχω
οὕνεκα
ἕλκω
κλέος
ἔδω
τόφρα
τίς
κατακτείνω
μέλω
τρέπω
προίημι
ἕννυμι
στρατός
ἔλπω
πύλη
ὄπισθεν
ἀγείρω
Τυδείδης
ἀντίθεος
ἀίσσω
ἄγχι
λυγρός
κτῆμα
κιχάνω
ἄμφω
Ἀντίλοχος
ὄχος
μυθέομαι
ζωός
πέτρα
εὕδω
δαίμων
λευκός
ἄχος
ἀργαλέος
ἠέ
Ἥφαιστος
ἐρύκω
ἐπέρχομαι
Ἑλένη
πολεμίζω
δαίφρων
ὑψηλός
ἐπιβαίνω
χλαῖνα
ἀεικής
χόλος
δμωή
κοῖλος
δαίνυμι
πάλιν
τέκος
αὖθι
σώζω
αὔτως
Μηριόνης
ὀδύρομαι
περίφρων
καρδία
Ἀντίνοος
τίω
φιλότης
λέων
δέπας
λέγω
πόνος
μάρναμαι
ἠμέν
ἐπιτέλλω
ὄις
Πηλείδης
χρή
περικαλλής
χαλεπός
ὀπίσω
ἔνδον
ὀιστός
πάτηρ
αἰγίοχος
ἔρις
αἰπύς
Παλλάς
πάρειμι
σῆμα
ἔμπεδος
πῶς
τανύω
ἀφικνέομαι
γυῖον
ὀπάζω
εἴσω
Φοῖβος
πόποι
νοστέω
ἐποτρύνω
ἰθύς
γόος
ἐγείρω
πέτομαι
ὀνομάζω
σεύω
τέμνω
εἴδομαι
μίμνω
κατατίθημι
αἴξ
τοιοῦτος
προπάροιθε
γενεά
κῆδος
ἔρδω
ἀμείνων
ῥέω
ἱππόδαμος
ἄκρος
πίων
τίνω
ῥήγνυμι
ἀντίον
ἄλκιμος
Ἄργος
ἱστός
λέχος
ἐφέπω
ἀγαυός
ὑσμίνη
ὀρίνω
αὔω
οὐδός
θρόνος
ἔρομαι
κάμνω
ὕλη
οὐτάω
τρίς
κασίγνητος
νόσφι
πῆμα
ἡγέομαι
αἰδοῖος
ὀστέον
ἀπάνευθε
Κίρκη
πλήσσω
χώομαι
φόνος
κόρυς
κρέας
ἐπήν
ἡδύς
αὐλή
ἐγγύς
ἔνθεν
καρπάλιμος
νέμω
φορέω
νέφος
Κρονίδης
θεοειδής
ἀέκων
ἀναβαίνω
θνητός
λούω
τείρω
ἄρουρα
νικάω
ἴφθιμος
διογενής
εἶδος
πύργος
Λύκιοι
Ὀλύμπιος
στίξ
αἴρω
στυγερός
καταδύω
ᾍδης
ἄλλοτε
φέρτατος
ὠθέω
θωρήσσω
εἴδω
κήδω
δάιος
Ἀλέξανδρος
ἆθλος
λίαν
ἀνάγκη
τίπτε
ξανθός
τεός
δόλος
κλίνω
γλυκύς
δέμας
ὀλοός
γέρας
Μυρμιδόνες
ἐγγύθεν
νεικέω
ἅλιος
αἰδέομαι
νύμφη
σπέος
ἀμφίς
ἡγήτωρ
ἀγήνωρ
κρατήρ
νεμεσάω
σταθμός
ἄντα
μερμηρίζω
στενάχω
ζώω
κοιμάω
πολιός
Ἀφροδίτη
σθένος
Θέτις
Τυδεύς
Σαρπηδών
Ἐνοσίχθων
ἐποίχομαι
ἀείδω
βίοτος
δήν
προσφωνέω
κάθημαι
φυλάσσω
αὐχήν
γηθέω
τύπτω
ἵκω
Εὔμαιος
ἡμίονος
πρόμαχος
Ἶρις
μεθίημι
κέλευθος
ἐπείγω
ἀποβαίνω
ἐμβάλλω
ὀλίγος
ἅπτω
φάος
λευκώλενος
νίκη
ἐπισεύω
φοβέω
φόβος
κορυθαίολος
ἐνέπω
μενεαίνω
μάκαρ
ἀργύρεος
τοκεύς
ἰός
ἀοιδός
ὀλοφύρομαι
ὁρμάω
ὄμνυμι
Λαερτιάδης
νηλής
ἔμπας
καθίζω
πλείων
βαθύς
νεῖκος
τάφρος
ἑκατόμβη
μήτε
Πύλος
τιμή
ῥεῖα
ἀράομαι
δηρός
βούλομαι
θίς
μόνος
μῆτις
ἰάχω
δειλός
φθίω
ἀπαυράω
πάμπαν
εἴλω
ἀρετή
ἱππότης
Ἑρμῆς
νεφεληγερέτα
τράπεζα
ὑπερφίαλος
ναιετάω
ἀγγελία
βαρύς
μηρός
ἦμος
πίμπλημι
σμερδαλέος
πελάζω
ἴσχω
θεσπέσιος
ἐλεέω
σκῆπτρον
ἠύτε
ἐξεναρίζω
ἔξοχος
ἀνίημι
ἀλέομαι
ἐύς
ἐρείπω
χαρίζομαι
ἕρκος
ἐάν
γῆρας
γάμος
ἐφίημι
πένθος
φύω
τυγχάνω
κρίνω
πότμος
ὅρκος
πήγνυμι
ὀρέγω
τῇ
γεραιός
γένος
χάζω
ἀκοντίζω
Γερήνιος
θώραξ
Ἴδη
στιβαρός
ἀτρεκής
λιμήν
ἄφαρ
θέμις
μήδομαι
αὐτόθι
Ὠκεανός
ἡγεμονεύω
ἄσπετος
θαλερός
πρόφρων
πάντῃ
ἰδέ
μήν
εἴκω
οὐτάζω
θύραζε
σπένδω
ἄγγελος
πολύτλας
δεύω
ἀπιθέω
ἄρειος
δεύτερος
φάλαγξ
μαλακός
κομάω
χῶρος
κλείς
βουλεύω
αἶθοψ
ἐρείδω
διοτρεφής
περάω
ἑτέρωθεν
διώκω
μογέω
δόρπον
ἐπίκουρος
αἰχμή
Πριαμίδης
Κύκλωψ
εἰσέρχομαι
ἐπιτίθημι
πεζός
ἄγριος
γείνομαι
οὔτι
εἴκοσι
χαλκοχίτων
ὄρνις
κομίζω
τυτθός
μυρίος
διαμπερές
κερδίων
κράς
ῥᾴδιος
τρεῖς
δυσμενής
κυδάλιμος
ἐυκτίμενος
δεξιός
τέλος
ἔντεα
πτολίεθρον
ῥύομαι
κράτος
νημερτής
δατέομαι
σίδηρος
σχέτλιος
νῶτον
δεσμός
ἄπειμι
ὕστερος
ὄσσε
ἆθλον
γαμέω
δεῖπνον
ποικίλος
παντοῖος
Λαέρτης
-
Εὐρύμαχος
ἐκτελέω
ἀλεγεινός
ἀολλής
ἐυκνήμις
ἐπαίσσω
ἱερεύω
οὖρος
πονέω
ἀριστεύς
δηιοτής
γαστήρ
ὀφέλλω
χάλκειος
ὅρκιον
ἡνίοχος
Πουλυδάμας
δαίω
ἀποτίνω
ἐδητύς
ἀφνειός
ἀγρός
εὖτε
καταλείπω
ὄσσα
τελευτάω
δμώς
κορυφή
ἀντικρύ
τρίπους
ἔθνος
ἐπεύχομαι
φᾶρος
χρόνος
λαγχάνω
ἀυτή
Πηλείων
ποδώκης
Τελαμών
πάντοσε
ὕπερθεν
ἕως
εὔσελμος
ἅλις
τιμάω
ὁρμαίνω
ὀχθέω
χαμᾶζε
ἀγών
αἶα
παρατίθημι
κόρος
πλέω
οἰωνός
σιωπή
βλέφαρον
τοιόσδε
ὁμῶς
στόμα
ἠριγένεια
λιγύς
ἀρχός
πορφύρεος
καρτερός
οὖδας
ὥρα
ἀήρ
μετόπισθε
αἰχμητής
οὖς
τῆλε
ἀγχοῦ
πλεῖστος
ἅλλομαι
ἀτάλαντος
ἡνία
ὄβριμος
Τεῦκρος
ἐνιαυτός
Ἀργειφόντης
;"
εὐπλόκαμος
ὀφείλω
δοκέω
καταβαίνω
δώδεκα
μειλίχιος
ῥοδοδάκτυλος
ἄγαμαι
ἀλύσκω
βοάω
ἁνδάνω
παχύς
ἆσσον
ῥόος
ἐρετμόν
ἀλάομαι
Ἄρτεμις
ὑπέρθυμος
πρυμνός
λίθος
ἀγγέλλω
ἀγοράομαι
ἐπίσταμαι
ἐρίζω
φίλτατος
τί
ὀδούς
ἑξῆς
ἔρος
κάματος
βλάπτω
χρεώ
μεταλλάω
πάροιθε
ἀλεείνω
πλησίος
ἄγνυμι
κυνέη
ὄψ
ὄρχαμος
πάγχυ
δείκνυμι
ἐπιπείθομαι
ἡγεμών
στρέφω
ἴς
Αἰακίδης
παπταίνω
κορύσσω
νύσσω
μῶνυξ
ἀρηίφιλος
ὑπόδρα
δολιχόσκιος
ἱππεύς
ἄποινα
ἐλεαίρω
μεταυδάω
μέδων
ἀμβρόσιος
νίζω
ἰάλλω
ὀδύνη
φάρμακον
χαλκήρης
πομπή
νωμάω
πείρω
κακότης
φάσγανον
πάλλω
θρῴσκω
γοάω
φωνή
ἤπιος
ἔλαιον
ἔκπαγλος
ἱστίον
Βορέας
καταθνήσκω
ἰθύνω
τείνω
ἔισος
ἐξαιρέω
ἁμαρτάνω
ἄτη
ὑπισχνέομαι
τοὔνεκα
γελάω
αἰδώς
αἰθήρ
μεσηγύ
ἐπορούω
λιλαίομαι
μνάομαι
πρόθυρον
λέβης
ἀοιδή
πατρώιος
ὁμιλέω
περικλυτός
ἐρίηρος
ὅπη
θαυμάζω
Εὐρύκλεια
ἀποπέμπω
ἀκτή
καρπός
ἀντιβολέω
φαγεῖν
μέλος
ἄνευθε
δέος
αἶσα
Ἐννοσίγαιος
ἀπειλέω
πιστός
μενοινάω
πεντήκοντα
ὑφαίνω
ἀμφικαλύπτω
χάρις
ὅμοιος
ἀρνός
χαμαί
χάρμη
ἀριστερός
Κρόνος
δουπέω
Ἰδαῖος
Καλυψώ
ταῦρος
ἀθρόος
ἄκοιτις
θέλγω
ποῖος
κάρηνον
γραῦς
πολυμήχανος
λιπαρός
ποθέω
καθέζομαι
ἀναίσσω
θεάομαι
λᾶας
μηκέτι
ἄορ
πυρή
ἐγχείη
οἰμώζω
ῥεῖθρον
σιγαλόεις
μῆδος
ὄνειρος
ἔπειμι
εὐρύοπα
μαίνομαι
πη
ὑψόσε
ζυγόν
νόημα
θαρσέω
ταρβέω
ἐνίπτω
λάμπω
κοῦρος
δηιόω
Αὐτομέδων
πλάζω
ἔτος
δύστηνος
πνοή
χαλκοῦς
παλάμη
πετάννυμι
ξεστός
ταμία
κυλίνδω
ἀπωθέω
μηδέ
ἀίω
ποθι
αἴθω
προτέρω
καθύπερθε
θρασύς
δαιμόνιος
θῆλυς
πεῖραρ
ἱρός
μελιηδής
βόσκω
φύλοπις
ἔργω
Ἐπειός
οἰκίον
παρέξ
ὄνομα
δάω
αἴσιμος
κινέω
ζεύγνυμι
ἐρατεινός
ἀφίημι
μάστιξ
λοιγός
συλάω
ἕλκος
ἀγός
Ξάνθος
πέρθω
κατερύκω
κοτέω
ὄνειαρ
ἤπειρος
ἀλωή
σάφα
ὑπερῷον
αὐδή
κείρω
ἱμάς
ὁπλίζω
ἄλλοθεν
ἐντός
ἀσπάσιος
ὁμοῦ
τρίτος
κορέννυμι
ἐρητύω
πρώτιστος
ὑμέτερος
νεφέλη
εὔκομος
ἀκήν
οὐδείς
Εὐρύπυλος
πελώριος
εἰκός
ἀποκτείνω
καταπίπτω
ἑκάς
εὔξεστος
εἴθε
ἄκων
δαίζω
ἐτεός
κυνέω
ὑφορβός
παῦρος
ὁμοκλέω
πτωχός
ξένιος
Διοτρεφής
φόρμιγξ
σπεύδω
πυκινός
Γλαῦκος
ἀφαιρέω
οἶκόνδε
ἄνειμι
Αἴγισθος
δηθά
καπνός
ὑγρός
ἐφίστημι
δεξιτερός
κατέρχομαι
ἐναλίγκιος
Ζέφυρος
ὀρούω
θύελλα
ἐνδυκέως
ἐναντίος
ἀέξω
ἄμβροτος
λεπτός
τέσσαρες
ἰαίνω
οὖλος
ἐμπίπλημι
οὐρανόθεν
φθάνω
Ἀχαιίς
φύλλον
κύδιστος
πιφαύσκω
αὐγή
ψάμαθος
αἰζηός
ῥίμφα
ὀφρύς
ἐκτός
λείβω
βωμός
ἐριβῶλαξ
Φοῖνιξ
ὄχα
κραιπνός
φῦλον
Μέντωρ
ἀλέξω
ἄντην
ῥιγέω
δέκα
φλόξ
Μενοιτιάδης
ἀδελφός
κλονέω
χράω
τοιγάρ
τύμβος
ἐκεῖσε
χρίω
Ἰκάριος
παρειά
ἔλδομαι
ἀφύσσω
ἀάω
δοιοί
ἔντοσθε
συμβάλλω
φοιτάω
χαρίεις
ἀργυρόηλος
πῆ
ὅπλον
ὑφίστημι
ἀπήμων
εὐεργής
ὀψέ
ἕκηλος
θύω
ἱδρώς
ᾗ
ἑπτά
ἀπέχω
τέρας
ὄζος
κατανεύω
μυχός
δέκατος
μητίετα
αἴθουσα
νεύω
ἄναλκις
καίνυμαι
πέλεκυς
εὖχος
πρηνής
αἱματόεις
στέρνον
χραισμέω
ποδαρκής
Μενοίτιος
Λυκία
Λυκάων
ἐσθίω
ἀτρύγετος
διάκτορος
ἑτοῖμος
εὐχετάομαι
ἐρεείνω
κειμήλιον
παλαιός
ἀκέων
μέτειμι
ἀμφιέλισσα
κρήνη
ἰχθύς
κόπτω
ἔλαφος
κλῆρος
ἐξέρχομαι
ἥβη
θαῦμα
δακρυόεις
ἀνορούω
κελαινεφής
ὀιζύς
κατέπεφνον
Νηλεύς
κατέχω
κουρίδιος
βάζω
λόχος
ἐνίημι
κυάνεος
γέγωνα
κεραυνός
τοῖχος
παμφανόων
κόσμος
πράσσω
πέπων
λήγω
ὑποδέχομαι
σῶς
ἁλίσκομαι
δουρικλειτός
ἄω
χαλεπαίνω
ἀτάσθαλος
ἑκών
ἵμερος
πάλαι
πικρός
διακρίνω
ἀρείων
ἐναίρω
πρόσω
Τρωιός
ἀρήγω
εἷος
Δηίφοβος
θοῦρος
γαιήοχος
πέδιλον
εὔξοος
δαιδάλεος
μετέρχομαι
οἶνοψ
μάντις
ἀνδροφόνος
συνίημι
ἐφορμάω
ἑκάτερθε
αἴτιος
ὕβρις
παννύχιος
ἐξελαύνω
ἀμφοτέρωθεν
μέθυ
φθέγγομαι
φάσκω
πνέω
χαίτη
Αὐτόλυκος
ἶφι
παράκοιτις
Κρήτη
ἄλλῃ
νωλεμές
Ἀτρεύς
μαστός
ἀτιμάζω
πληθύς
ῥίπτω
χείρων
ἠεροειδής
ἐκφεύγω
κλάζω
ἐμπίπτω
δρῦς
καταχεύω
ἴκελος
βουληφόρος
δαίτη
αἴ
ζωστήρ
ὀπτάω
ἄλλως
ἐπιτρέπω
ἀπονέομαι
ἐξάγω
ἐκφέρω
τροφός
κρείσσων
κεύθω
φόως
κορωνίς
βιός
πύματος
ἑλίσσω
τιτύσκομαι
τάλαντον
μήστωρ
μετάφρενον
Ἀντήνωρ
Μοῦσα
ἀντιάω
μόρος
ἡβάω
ἀέκητι
κλισμός
ὀρυμαγδός
πεύθομαι
ἀλλότριος
αἴθων
ὑλήεις
σιδήρεος
γόνος
θαμβέω
κεδνός
θαρσαλέος
κατακείω
ἕξ
ἀναίνομαι
ἄμαξα
μάρπτω
χερμάδιον
κνέφας
χλωρός
ἔσθω
εἴκελος
πένομαι
τιταίνω
τέταρτος
ἰχθυόεις
δηλέομαι
χέρσος
ῥοή
κελαινός
ἀγανός
δίκη
βασίλεια
κάλλος
θήρ
ἐννέα
ὀρθός
κέρας
κνῖσα
ἐλελίζω
ἐπαινέω
λάζομαι
δίκαιος
τηλόθεν
παλάσσω
ἐκπίπτω
ὀνίνημι
θερμός
χερείων
παρέχω
μελία
μῆνις
ἐσσύμενος
πτολίπορθος
πέπλος
καλλιπάρηος
ἀετός
καλλίθριξ
κόλπος
θήν
μηχανάομαι
μηρία
ἀναιρέω
ὕπτιος
σκότος
γαμβρός
κνήμη
ἐντανύω
θοῦρις
κλειτός
ὄχθη
τρέω
ἐκπέρθω
Δάρδανος
σφός
σφάζω
ἕλιξ
τετίημαι
πατέομαι
ὄμβρος
ἐσθής
πύκα
ποιητός
δακρύω
σκιόεις
μείς
ἁρπάζω
ἀποφθίνω
ἐσχατιά
ὀλέκω
ἐκγίγνομαι
σπάω
ῥηγμίν
μύρω
ἄλφιτον
ἐξερέω
ῥῆγος
Τειρεσίης
χρυσόθρονος
ἀναχάζω
ἐφοράω
μέδομαι
ὄλβιος
ἀλάλημαι
ἠγερέθομαι
ἕδος
βουκόλος
Λητώ
ἐίσκω
ὅθεν
ὑπεκφεύγω
λόφος
τελαμών
χορός
σημαίνω
θαμέες
ἐκεῖθι
ἄμυδις
ἀμφικύπελλος
ἥμισυς
μενοεικής
μειδάω
κέρδος
Λακεδαίμων
ἀτιμάω
Κρής
τερπικέραυνος
ἐναντίον
ἀγχίμολος
ἱκέτης
Νεστορίδης
νέατος
ἱππόβοτος
λευγαλέος
κικλήσκω
τέθηπα
δινεύω
Μέδων
ἀναχωρέω
ἄφρων
ῥίς
τρόμος
ἀκωκή
τινάσσω
προσδέχομαι
τρυφάλεια
πολεμιστής
ἀπήνη
Θρᾷξ
νόστιμος
τηλόθι
ἀπείρων
εἶδαρ
κάνεον
πρόκειμαι
ἐλαφρός
ἐπιχθόνιος
πόθεν
ἐτήτυμος
μαντεύομαι
ὄμμα
κτέαρ
ἀρτύνω
ἕδνον
ἄξιος
ἰσόθεος
κρήδεμνον
ἐντίθημι
Εὐπείθης
ποῦ
δέμω
οἴγω
αἰτέω
παιπαλόεις
ὠτειλή
Εὐρύλοχος
θρίξ
ἐναίσιμος
οὐλόμενος
ἆ
ἱερόν
μεταπρέπω
μέτρον
δολιχός
ὀιζυρός
σκοπός
πλέως
ἐπισταμένως
ἀυτμή
μίνυνθα
ἄαπτος
ἐπιμαίομαι
λειμών
ἐξαῦτις
Νότος
λαῖλαψ
ναός
ὀβελός
δένδρεον
χρῆμα
ὑπερμενής
δέρμα
δυοκαίδεκα
αἴνυμαι
ἀνάγω
Αἰτωλός
ἄελλα
δημός
Θόας
Πύλιος
ἀργυρότοξος
λάθρῃ
ἐγγυαλίζω
στυφελίζω
μετάφημι
πολλάκις
ἐπέχω
δίω
μέλινος
ὄνομαι
ὑπερηνορέων
λώβη
χαμάδις
ἄσβεστος
ἀναπνέω
ἀναπάλλω
σχεδία
αἰπεινός
Λῆμνος
βοῶπις
Ὀιλεύς
ταλασίφρων
ποθεν
ἀνέρομαι
στεναχίζω
φθινύθω
δίζημαι
συντίθημι
Πόλυβος
ἐξέρομαι
λεύσσω
ἄργυρος
καθάπτω
ἔρρω
σκοπιά
ὑψερεφής
δέρκομαι
ἄλαλκε
ὑποδείδω
εὐνάω
Περσεφόνεια
ὅμαδος
δοῦπος
εἴδωλον
ἴφιος
τέμενος
δέμνιον
δινήεις
ὀνομαίνω
ἰαύω
ἀτειρής
Ἀρήτη
ἄλλυδις
κρατέω
διαπέρθω
ἀφίστημι
ἰθύω
πρυμνήσιος
ὁπότερος
δειρή
σιγή
ἀστήρ
κάρτος
ἀντιάζω
θαρσύνω
ἐπιτρέχω
στοναχή
ποντόπορος
ξύλον
ἐπικεύθω
κραίνω
σείω
κραταιός
βρίθω
μέμονα
νομεύς
κῶας
θυμαλγής
ἠνεμόεις
εἰσαναβαίνω
Εὐρυνόμη
ἐξερύω
ὠκύπους
σέλας
ὀμφαλόεις
ἄτερ
ἔνδοθι
ἀπερείσιος
στορέννυμι
σανίς
φαρέτρα
ὀχεύς
τοσόσδε
κόμη
θύνω
ζεύς
ἀριστεύω
λιάζομαι
βροτολοιγός
ἐναρίζω
Ἠετίων
Ἀγήνωρ
ἀφαμαρτάνω
Κεβριόνης
ἄντυξ
Ἄσιος
Τελαμώνιος
ἀρνειός
ὕπατος
κίων
ἀπεῖπον
ἠμαθόεις
δάμνημι
λίς
ἀποίχομαι
ναύτης
Παναχαιοί
κοιρανέω
ἀναιδής
θάρσος
πάρημαι
ἀποπαύω
ἠῶθεν
ἄημι
ἐννῆμαρ
ληίς
τρίτατος
κυανόπρῳρος
ζόφος
βῆσσα
εἰσάγω
ῥάβδος
διέκ
Ἀίδης
ποθή
ἄψορρος
πανημέριος
ἀστερόεις
εὐχωλή
ἐπακούω
κατέδω
κάπρος
ἰοχέαιρα
ἐπέοικε
κρύπτω
ἀτιτάλλω
Ἐρινύς
πεδάω
ἔνερθε
ζείδωρος
πυκάζω
ἰότης
βιάω
Τελαμωνιάδης
ἐλαία
ἀμβροσίη
Σκύλλα
ἀγέλη
ἀπολήγω
ἀσπαίρω
νήδυμος
ἐκτέμνω
ἕδρα
πρύμνα
ἄντρον
πομπός
σπουδή
ἐδωδή
φυτεύω
ἀλήτης
ῥινόν
ἐφάλλομαι
ὠκύπορος
ἀλλοδαπός
ἐναντίβιος
ἐκβάλλω
ξενίζω
ἁπαλός
ὀπυίω
τίη
εὐρυάγυια
ἐπιείκελος
εἰκοστός
ἐλεεινός
Ἀμφίνομος
ἐπαυρέω
Μελάνθιος
τέκτων
τελέθω
μαῖα
Ἶρος
αἰσχύνω
αἰών
πυρός
ἐμπνέω
γλῶσσα
λαμπρός
νευρά
τάφος
μέτωπον
αἰγίς
φέβομαι
ἐμμεμαώς
ἐξαλαπάζω
ἠιών
κοσμέω
ἔναρα
Ἀΐδης
Δαρδανίδης
Σκαιαί
Σκάμανδρος
Ἀγχίσης
χωρέω
ἀτασθαλία
Ὀρέστης
βένθος
ἀκαχμένος
ἐγγύθι
θρῆνυς
ἐπιχέω
ποτός
ἀρχή
πόλινδε
βρῶσις
μητιάω
ἐμπάζομαι
ἐκεῖθεν
οἶτος
διδάσκω
βασιλεύω
χρέος
τάπης
ἀφραδία
δύναμις
κατάγω
δοάσσατο
ἐρικυδής
πρόπας
κυκάω
ἄνθος
κολεόν
τέως
ὑπένερθε
μελίφρων
ἀσάμινθος
ἀδινός
τραχύς
ἐξαπίνης
ἀγυιά
στείχω
γῆ
κρόταφος
ψεῦδος
στονόεις
γναμπτός
πῶυ
ἀργιόδους
λίμνη
ἀτύζω
γυμνός
ἠχή
ἐντύνω
ἐρωέω
ὀδών
κράτιστος
ἴκρια
κεάζω
σπέρχω
Οὐρανίωνες
ἄρσην
λοχάω
Αἶσα
ῥάκος
κτῆσις
δειπνέω
ἠγάθεος
ἐσχάρα
πειρητίζω
ἐρίγδουπος
μαστίζω
Ἰθακήσιος
κτύπος
ἑτέρωσε
ἀντάω
ἀλέγω
αἰπόλος
πάτρη
ἀγακλειτός
ἀλαπάζω
ὄνειδος
ζώννυμι
ναί
ὁμοίιος
ἀπηνής
ὀξυόεις
ἐφοπλίζω
ἔνειμι
κωκύω
μεταστρέφω
δωδέκατος
βοείη
εὔδμητος
πολυκλήις
πελεμίζω
ἀποδίδωμι
ἐπόρνυμι
ποινή
Ἑλλήσποντος
ἀργυρόπεζα
ἀμφιέπω
ἱππηλάτης
δρόμος
Ναυσικάα
πραπίδες
ἀμφιγύεις
Ἑκάεργος
νόθος
ἐρωή
ἀσπιστής
Μαχάων
Πάρις
ἐπαμύνω
ταχύπωλος
πάτροκλος
σφέτερος
πολύφρων
ἁδινός
ῥινός
κύπελλον
ἀρνέομαι
διαρραίω
πήληξ
αὔριον
σκίδνημι
ὑποτίθημι
Ἑλλάς
ὑπέρβιος
χεῖλος
ἱμερόεις
λέκτρον
ἀσκέω
ἄρρηκτος
ἐξερεείνω
καταδέω
ὁμός
ποτής
στυγέω
δίχα
λύκος
δάπεδον
ἤπειρόνδε
θέσφατος
ἐρίδουπος
γουνόομαι
δέρω
ἰαχή
νοσφίζομαι
πτερόν
πωλέομαι
εὐρύχορος
Θήβη
μέγεθος
εἴβω
ἐχθαίρω
τέλλω
ἀνακλίνω
νευρή
εἰσβαίνω
ἐρυθρός
εἰσαφικνέομαι
ἀλείφω
ἀμφιβαίνω
ὑπείκω
διατμήγω
ἕωθεν
αἰνέω
ἐξάρχω
τέρην
μιστύλλω
ἐπιεικής
χθιζός
πολυδαίδαλος
ἐλύω
πετεινός
ὑπερέχω
τηλοῦ
Ἦλις
κεδάννυμι
ἐγκέφαλος
ἀλοιφή
δέσποινα
γηράσκω
εἰλύω
ὄλβος
στέλλω
Αἴγυπτος
εὔτυκτος
κοῖτος
Πεισίστρατος
ἀπαγγέλλω
πρόσωπον
ἀίδηλος
ἀπεχθάνομαι
φείδομαι
ἀρκέω
κολλητός
νεβρός
σήμερον
αἰτίζω
ἔλδωρ
ἔκτοσθε
χανδάνω
ἔθω
καταθνητός
ἄκριτος
καθαίρω
ἐλέφας
αἰσχρός
ἠβαιός
ἀμφινέμομαι
ἀμήχανος
διέρχομαι
ὁμηγερής
ὁμηλικία
καταπαύω
τολμάω
μέροψ
προφέρω
ἀκάματος
ἀντί
ἀχλύς
καμπύλος
ἐφάπτω
ἀρέσκω
γνωτός
τεσσαράκοντα
ἀραβέω
Θρασυμήδης
μενεπτόλεμος
ἐφετμή
κασιγνήτη
φυή
σύνειμι
Βρισηίς
λαιψηρός
κασσίτερος
Ἀκάμας
Ἱππόλοχος
ποδήνεμος
δυσηχής
ῥέα
Ἕλενος
ἔπαλξις
φιλοπόλεμος
Τληπόλεμος
Τρῳάς
Σθένελος
Λαομέδων
le
de
et
un
il
que
être
à
son
avoir
je
en
ne
se
dans
mon
qui
ce
me
du
sur
pour
lui
au
nous
leurs
dire
ton
tu
Ulysse
mais
vous
ces
faire
plus
tout
aux
te
par
tous
pas
si
dieu
avec
moi
aller
fils
voir
sans
bien
pouvoir
car
homme
venir
on
où
grand
prendre
coeur
ainsi
cette
comme
palais
main
ou
alors
père
vouloir
quand
Télémaque
donner
parler
y
point
celui
beau
mer
jour
ni
parole
répondre
vaisseau
toi
terre
femme
compagnon
deux
—
puis
encore
mort
savoir
prétendant
même
divin
nos
mettre
oeil
après
là
autres
étranger
dont
donc
demeure
sous
autre
arriver
rester
asseoir
vers
eux
ici
sortir
cet
devoir
retour
fille
héros
mot
laisser
tant
notre
aussi
lorsque
Jupiter
seul
or
déesse
trouver
loin
époux
ville
jamais
vin
jeune
maison
mère
navire
roi
peuple
entendre
ami
jusque
âme
rendre
près
aussitôt
revenir
ô
votre
toujours
tenir
cependant
porte
vos
entre
chez
contre
mal
Pénélope
Ithaque
afin
pied
cher
doux
long
quelque
conduire
Zeus
mortel
Minerve
sage
devant
voix
nuit
tête
vent
patrie
noble
bon
porter
force
frapper
premier
île
hôte
lieu
eau
maintenant
enfant
immortel
jeter
recevoir
flot
rien
haut
suivre
couvrir
esprit
parmi
plein
déjà
offrir
enfin
fort
bras
maître
présent
arc
milieu
tomber
soin
larme
lancer
aucun
quel
écouter
sommeil
chacun
avant
passer
bientôt
longtemps
lever
Eumée
partir
malheur
vieillard
fois
part
envoyer
falloir
manger
autour
attendre
pleurer
noir
rentrer
auprès
approcher
périr
repas
temps
arrêter
retourner
préparer
illustre
pays
dès
nombreux
connaître
non
peine
demander
adresser
puisque
apporter
craindre
rivage
côté
pousser
Grecs
gens
douleur
vie
tuer
croire
rapide
souffrir
boire
échapper
saisir
tour
heureux
vaste
lit
festin
comment
Ménélas
coucher
reine
bord
fond
descendre
paraître
ordonner
prince
chef
emporter
tel
coup
tendre
troupeau
reconnaître
Phéaciens
pendant
soleil
salle
abord
accomplir
joie
ordre
servir
puissant
feu
quitter
perdre
nef
malheureux
retenir
coupe
depuis
Laërte
sang
boeuf
pourquoi
nouveau
voile
vieux
apprendre
table
penser
chercher
entrer
monter
tandis
trois
riche
prudent
Nestor
sein
éloigner
trait
manteau
appeler
tirer
Circé
chose
ciel
terrible
étendre
superbe
aimer
corps
champ
profond
place
seuil
habiter
airain
malgré
personne
discours
héraut
lui-même
cruel
désir
verser
moment
an
pensée
remplir
travail
siège
doute
ensuite
fuir
répandre
songer
amener
Neptune
couche
nom
dormir
bois
foyer
cacher
vivre
nul
port
guerrier
désirer
interroger
chéri
quelle
vêtement
genou
voici
reprendre
serviteur
brillant
large
mieux
apercevoir
porcher
pasteur
souvenir
toucher
beaucoup
ah
nourrir
voilà
moins
servante
rame
placer
revoir
richesse
semblable
argent
trop
année
plaire
soudain
arme
chien
conseil
onde
gloire
honneur
ombre
dévorer
cri
Aurore
traverser
brebis
Dieu
dresser
Pylos
attacher
-ci
achever
adresse
regarder
Alcinoüs
sombre
pain
nymphe
fin
entier
gémir
courage
autant
accabler
blanc
dessein
atteindre
aujourd'hui
Odysseus_dufourraison_seguier_lcdlisle
peu
don
prier
ennemi
déposer
fleuve
garder
Troie
beauté
obéir
funeste
dernier
quels
char
naître
voeu
rocher
fer
élever
cour
plaisir
sol
charger
vaillant
abandonner
foule
route
tunique
vérité
Pallas
combat
enlever
retirer
voyage
chaque
Achéens
peau
regard
fidèle
destiner
oser
air
mur
flèche
ramener
nombre
Euryclée
pleur
élancer
destin
cheval
chemin
épaule
magnifique
permettre
âge
terme
heure
présenter
voler
travers
ailé
porc
hélas
immoler
trépas
cela
immense
vague
choisir
lequel
éviter
élevé
humain
ruse
chèvre
vite
vain
départ
brave
amour
épais
vue
sauver
jadis
Athéna_berard_mugler_meunier_jaccottet
moi-même
honorer
éprouver
bruit
“_mugler_pessonneaux
entourer
chambre
sens
”_mugler
meilleur
mêler
aborder
silence
peut-être
sagesse
Eurymaque
triste
vingt
colère
victime
sembler
errer
hors
parti
ensemble
réjouir
douze
cesser
effet
chant
guerre
reposer
propre
mourir
réponse
écrier
commencer
baigner
perte
courir
goûter
espérer
pourtant
chanter
cesse
pitié
cours
couler
peur
raconter
instant
grâce
oui
monde
quoi
commander
aurore
montrer
neuf
très
secret
rire
généreux
oublier
garde
sorte
refuser
supplier
pauvre
Calypso
vivant
embrasser
assemblée
aucune
Olympe
signe
glaive
ingénieux
cor
trésor
laver
inspirer
appartement
Antinoüs
libation
quant
séjour
nourrice
consumer
régner
absence
prière
sentir
frère
demeurer
montagne
accompagner
léger
Cyclope
debout
annoncer
affreux
poitrine
grotte
accorder
divinité
telle
tourner
pierre
lors
Antinoos
cité
vénérable
manquer
fier
volonté
irriter
Agamemnon
méditer
viande
juste
infortuné
fermer
magnanime
briser
rouler
assez
prix
quelqu'un
besoin
mendiant
ouvrir
arracher
Apollon
gras
mille
misérable
franchir
nouvelle
plaine
parce
Ilion
rassembler
moyen
diriger
ravir
matin
chagrin
poli
tempête
course
Soleil
mât
convive
faim
hâter
habit
race
gré
serment
solide
durant
charme
prêt
lien
livrer
courroux
promettre
hé
remettre
précipiter
soir
certes
inviter
amer
chasser
étable
avancer
lumière
habile
crainte
partager
prudence
mener
oreille
finir
sacré
face
raison
punir
embarquer
tels
petit
droit
devenir
propos
gagner
secours
front
Hélène
cause
oiseau
esclave
agiter
toi-même
violence
vrai
membre
occuper
Mentor
souffle
implorer
poursuivre
bronze
combattre
troupe
vieillesse
chair
effort
revêtir
pénétrer
égal
art
obtenir
sacrifice
posséder
brûler
promptement
favorable
parvenir
subir
jeu
épée
mauvais
vengeance
plutôt
rive
habitant
trône
bouche
empresser
apparaître
ignorer
pareil
toit
combien
jeunesse
état
Troyens
souvent
hospitalité
glorieux
dehors
repos
rameur
monstre
proie
admirer
bonheur
banc
roche
instruire
nuage
accourir
nommer
ouvrage
engager
parent
Atride
fureur
élève
céder
ferme
bain
odieux
errant
marcher
jouir
-là
accueillir
sujet
hymen
exciter
emmener
visage
plonger
paupière
autrefois
combler
insensé
quatre
doigt
venger
Mercure
outre
uns
amitié
hâte
antre
ardeur
portique
insolent
pur
assurer
apprêter
renvoyer
jurer
génisse
dos
rencontrer
coursier
cheveu
voisin
douceur
bout
former
mentir
Argos
seulement
projet
parcourir
découvrir
Achille
poser
éclatant
prompt
briller
entraîner
six
saint
selon
loi
ailleurs
audace
quoique
entrée
tromper
arbre
égorger
cratère
avis
défendre
patient
digne
affliger
valoir
blond
suspendre
sauvage
suivant
éclat
crime
cieux
récit
lion
caverne
fatal
bélier
Atrée
berger
fleur
taille
réunir
creux
rempli
vertu
précieux
énorme
changer
haillon
aigu
auguste
javelot
surtout
avance
unir
apaiser
respecter
armer
demain
quelques
soulever
retentir
travailler
au-dessus
cuisse
endroit
pointe
prétendre
bouclier
abattre
espoir
insolence
misère
fatigue
irréprochable
horrible
presser
terminer
olivier
épreuve
droite
aspect
Océan
contrée
justice
surprendre
lointain
Nausicaa
prononcer
forme
fertile
manoir
aède
objet
respect
rang
écarter
abondance
Tirésias
agréable
Grèce
disparaître
aviser
flamme
vêtir
radeau
avenir
absent
couper
pourpre
priver
appuyer
vigueur
charmer
dent
flatter
tristesse
honte
Pluton
fameux
Pisistrate
Crète
baiser
elle-même
payer
poursuivant
toile
lutte
dompter
Telemaque
lyre
mari
intérieur
fruit
allumer
vif
huile
ressembler
corbeille
traîner
sommet
forêt
logis
Alkinoos_meunier_berard_mugler_lcdlisle
souci
gémissement
suite
action
soif
danse
regret
entretenir
rose
serrer
plusieurs
outrage
abondant
envelopper
Tèlémakhos_lcdlisle
infortune
dur
construire
double
satisfaire
supporter
taureau
lier
mont
hécatombe
Égisthe
sable
courant
messager
émouvoir
survenir
rival
essayer
intendant
taire
désormais
rempart
repartir
bête
daigner
méchant
lèvre
Scylla
retrouver
empêcher
bâtir
faveur
éclater
endormir
informer
tissu
Euryloque
épouser
éternel
langage
perfide
affaire
percer
difficile
persuader
éclairer
règne
détacher
trembler
partout
paître
faible
rapporter
joyeux
Mars
joue
poussière
emparer
cou
fendre
souffrance
vigoureux
tapis
corne
là-bas
gros
fécond
fumée
breuvage
disposer
étincelant
recouvrir
derrière
rappeler
enceinte
haine
sanglot
présence
devin
court
tantôt
valeur
rompre
veiller
animer
ôter
Alcinoos
partie
côte
public
pré
conseiller
flotte
péril
exposer
regagner
avertir
famille
toutefois
abri
attirer
Vulcain
témoin
sceptre
foudre
corde
matelot
crier
paternel
dedans
offrande
continuer
sûr
aventure
mariage
citoyen
eux-mêmes
contempler
soutenir
transporter
voguer
lâcher
miel
vierge
fixer
repousser
Argiens
bassin
fortune
troisième
ardent
marin
délivrer
renverser
obscur
fauteuil
armée
aigle
mouton
redouter
disperser
convenir
redoutable
os
colonne
tendresse
nourriture
séparer
céleste
guide
campagne
troubler
mois
forfait
violent
Diane
enfermer
réveiller
but
feuille
sanglier
fontaine
ajouter
siens
Cyclopes
reproche
creuser
rejoindre
endurer
guider
bas
graisse
sourire
roc
Borée
danger
clair
sacrifier
flanc
résoudre
visiter
dessus
abîme
casque
lutter
chasse
étonner
déchirer
amant
humide
ancien
merveilleux
audacieux
chaste
hache
naissance
tisser
vase
fête
ranger
oeuvre
noce
divers
remonter
farine
tarder
natal
flambeau
morceau
protéger
souverain
bouvier
ébranler
tranquille
prédire
deuil
hospitalier
marche
autel
Prince
froid
menace
Sparte
ceci
confier
exécuter
consulter
aide
câble
nécessité
auparavant
ténèbres
fournir
meurtrier
aider
jusques
prévenir
fait
invoquer
Polybe
presse
chevelure
plage
souffler
excellent
éveiller
Nélée
partage
propice
vil
comprendre
compter
tard
entretien
rencontre
lait
regretter
dérober
extrémité
robuste
agrès
ventre
puiser
renfermer
paix
soupirer
Médon
détourner
délicieux
charge
vraiment
noeud
injure
rayon
voie
asile
tombeau
extrême
gouffre
vagabond
décider
obliger
déclarer
coupable
pers
soumettre
traiter
banquet
source
valeureux
voyageur
splendide
laine
rapidement
indigne
réfléchir
commettre
contraire
poisson
arrivée
nuée
Saturne
pencher
succomber
domaine
prairie
détruire
écueil
envie
provision
respirer
chêne
oracle
pilote
Icare
Hadès
baguette
réduire
cadeau
distribuer
concevoir
nécessaire
réserve
mule
question
rassasier
consacrer
enfoncer
renommée
Laodamas
mesure
épuiser
gouverner
conserver
écart
mépriser
trouble
vert
outrager
sentiment
abuser
montre
vainqueur
orge
souiller
Charybde
souper
robe
puissance
aviron
déployer
rechercher
vanter
Ciel
façon
équipage
impétueux
moitié
nu
rejeter
bienheureux
gésir
souhaiter
assister
héritage
fortuné
butin
approuver
contraindre
lourd
conduite
proue
battre
célèbre
inconnu
arroser
engloutir
vaincre
message
toison
opulent
animal
consentir
poupe
zèle
répliquer
bleu
sonore
soupir
distance
pluie
affliction
agora
fonder
transport
auquel
pâtre
davantage
salut
captif
vol
sain
chanteur
Irus
ruine
contenir
reconduire
chantre
causer
pénible
certain
entasser
user
aimable
admiration
chacune
mendier
froment
opposer
enfanter
réserver
enchaîner
empire
espérance
seigneur
cadavre
entrailles
facile
fléau
urne
courber
sauf
carquois
rage
intérêt
parer
cinq
embuscade
engendrer
gouvernail
tôt
Athénè_dufourraison
Ajax
atteler
figure
chérir
rassurer
ténébreux
orner
piquer
nôtre
impatient
septembre
accepter
ivoire
trépied
meurtre
forcer
savourer
exhorter
plaindre
Oreste
attaquer
croître
néanmoins
Athènè_lcdlisle
hauteur
moelleux
muraille
dixième
excès
dépouiller
supérieur
naviguer
joug
proche
bienveillant
promesse
intrépide
saison
agile
brûlant
délibérer
Arété
agir
issu
blesser
Penelope
recourbé
indiquer
frais
vigne
assembler
cuir
nager
immobile
âpre
maîtresse
bonté
entreprise
tranchant
agneau
victoire
clou
expliquer
plante
vache
égide
bien-aimé
disputer
coffre
possible
talent
échanger
joindre
cendre
quatrième
environner
service
plier
Vénus
Hermès
fléchir
artifice
entreprendre
proposer
bienfait
étendue
querelle
nulle
arrière
surprise
tourment
préférer
dissiper
orgueil
vertueux
appui
espace
révéler
aube
Démodocus
exaucer
sandale
monarque
sitôt
Poséidon
rejeton
aisément
épargner
considérer
étonnement
marque
Théoclymène
dépouille
piège
gardien
versant
présage
glisser
jouer
ennui
ceinture
bâton
bateau
occasion
prêter
applaudir
étage
aile
Lacédémone
parfait
calme
égarer
lance
renom
injuste
blessure
journée
choix
passage
commis
songe
poissonneux
essuyer
Eupithès
orgueilleux
glorifier
calmer
Sirènes
telles
exercer
inutile
heureusement
affection
augure
mériter
peuplier
uni
bienveillance
brise
montant
conter
écume
vapeur
sanglant
Proserpine
limpide
Amphinome
suppliant
rude
lamentable
furieux
saluer
parfum
tonnerre
pressé
recueillir
poids
tumulte
grève
envers
trace
apprêt
courroie
reparaître
embûche
frotter
hasard
menacer
Eurynome
aliment
réplique
pesant
image
docile
dépit
exploit
indigner
filer
âgé
escarpé
couleur
couverture
fou
ensevelir
conjurer
vestibule
bondir
plat
frémir
jardin
miens
Antinous
Akhaiens_lcdlisle
Samé
autrui
appartenir
différent
voûte
azur
Parque
réussir
coutume
rue
poutre
rouge
fondre
parfumé
détail
jaloux
harmonieux
anneau
dix
horreur
endurant
acte
planter
langue
pâturage
fantôme
luisant
juger
Dolius
résister
douer
acquérir
carnage
clarté
cime
sec
paisible
mémoire
innombrable
Autolycus
Priam
délier
délicat
produire
débris
compassion
débarquer
industrieux
Troye
Euryale
enfance
cinquante
honteux
vengeur
précéder
infini
fuite
invincible
hardi
seconde
acéré
verger
besace
Idoménée
astre
acheter
couchant
nourrisson
délai
veille
admirable
rameau
amasser
désespoir
content
ranimer
chariot
détour
convoquer
commun
solidement
foi
compte
lueur
emplir
ordinaire
stérile
retard
delà
ronger
continent
accent
étroit
Telemache_boitel_certon
secouer
quelles
célébrer
déchaîner
introduire
charmant
funèbre
délice
effroi
reste
pourvoir
jaillir
spacieux
Égypte
royal
subtil
blé
diviser
soupçonner
haïr
insulter
accueil
cicatrice
expérience
adroit
aspirer
égard
garnir
hier
Arès
échanson
manier
plainte
injustice
retraite
ambroisie
faute
redoubler
liquide
Pènélopéia_lcdlisle
impatience
facilement
essence
impunément
surpasser
déplorable
importun
cabane
figuier
vautour
imaginer
combattant
disque
Argus
Dulichium
étoffe
terreur
hommage
proférer
métier
printemps
écouler
confondre
suffire
exhaler
quantité
mérite
accord
feuillage
surveiller
mépris
Cronos
baisser
folie
phoque
Iros
couronner
Thesprotes
aiguière
vendre
hyménée
suprême
lambeau
balancer
chaud
relever
grappe
odeur
usage
enquérir
torche
boucle
jambe
moindre
mulet
enveloppe
altier
pressentir
marquer
Polyphème
doucement
amoureux
gage
spectacle
mélanger
observer
’
ouvert
marier
vivement
tramer
boisson
enflammer
incliner
conducteur
cerf
soigner
ourdir
idée
fosse
égaler
Pheaciens_calbetrosny_boitel_giguet_lavalterie
prodige
vieillir
prévoir
chevreau
ravager
secourir
pendre
exister
au-devant
défaire
solennel
merveille
branche
lamenter
trancher
broche
enseigner
chaîne
attentif
Muse
unique
ouïr
cap
épancher
défense
presque
soi
trou
convenable
infâme
entièrement
pernicieux
mouvement
Ogygie
expirer
douloureux
azuré
aveugle
exprimer
questionner
sincérité
mâle
mélodieux
oh
nage
rôtir
somme
enclos
Éole
Antiloque
volontiers
avantage
dé
mordre
récompense
ruisseler
aïeul
fromage
retomber
carrière
Artémis
également
lire
Mélanthius
tâcher
assurément
racine
remporter
interrompre
arrêt
savant
armure
soufre
muet
ressentiment
particulier
Pirée
douter
délectable
auteur
réclamer
amphore
furie
maltraiter
vitesse
confiance
salé
lice
tourbillon
liqueur
pieux
pudeur
bataille
mensonge
parfumer
courroucer
insulte
virer
Clytemnestre
pardessus
consoler
gendre
funérailles
gracieux
fuseau
loisir
soldat
mélange
recommander
dépasser
Autolycos
brume
prédiction
grain
quiconque
ornement
désert
cordage
naufrage
sauter
torrent
alarme
tâche
attester
prodiguer
barbare
sourcil
herbe
succès
tas
distinguer
garantir
piller
favoriser
gronder
accuser
gauche
téméraire
criminel
affirmer
bruyant
nectar
résolution
blanchir
Elpénor
allonger
manière
naguère
poison
établir
encourager
dominer
détresse
dessous
lasser
Mélanthe
renoncer
ouvertement
trahir
assurance
camarade
hiver
opprobre
las
tenter
sillonner
farouche
pieu
ressentir
envahir
amarre
chauffer
Philétius
simple
pourceau
longueur
inquiétude
honnête
majestueux
manifester
ouvrier
géant
signaler
accroître
offenser
appétit
imposer
auxquels
arène
Hèlios_lcdlisle
Amphimédon
borne
lendemain
grave
hésiter
blâme
brisé
poil
sablonneux
rougir
Posidon_dufourraison_berard
connaissance
mouiller
Achaïe
réprimer
Egisthe
Dolios
ruiner
complot
soupçon
inquiéter
Minos
Amphitrite
respectable
exiger
Taphiens
univers
dard
sac
faon
cent
tillac
ressource
mugir
temple
examiner
différer
Phéniciens
retentissant
mou
libre
brouillard
résonner
tort
escabeau
pièce
Protée
crinière
artisan
bander
cire
contenter
Patrocle
lambris
conserve
rare
Thèbes
marine
aboyer
menaçant
Ctésippe
fardeau
siéger
autrement
Zacynthe
élite
couronne
entour
fougueux
coûter
attrait
intelligence
tyran
fouet
rusé
nuptial
pelé
pirate
trompeur
humble
seoir
timide
utile
monceau
appesantir
chasseur
soulager
allégresse
trame
issue
courageux
enrichir
formidable
Phaiakiens_lcdlisle
caresse
promener
indignation
stratagème
lune
orage
inonder
parure
danser
sale
relâche
Eurynomé
impudent
angoisse
origine
imprudent
Mélanthios
incontinent
Amphinomos
guère
augmenter
purifier
tremblant
livre
grandir
honorable
choc
braver
agité
clameur
séduire
maudit
effroyable
remède
tronc
bergerie
vaillance
revers
palpitant
Tyro
frayeur
tâter
Orion
stature
dîner
accoutumer
somptueux
cercle
dessécher
essor
désigner
témoignage
légitime
neige
sinon
iniquité
incertain
florissant
effacer
royaume
attaque
sensé
blanchissant
confiant
avide
gonfler
patience
passion
enchanter
Schérie
duquel
gorge
unes
renfermé
indomptable
bûcher
efforcer
faiblesse
négliger
preux
postérité
pire
ombrage
masse
préférable
convaincre
déshonorer
reculer
chevrier
impossible
poirier
façonner
deviner
vôtre
hautain
attendrir
protecteur
admettre
queue
antique
salutaire
préserver
Hercule
semer
Junon
comble
conte
soeur
pâture
colombe
amas
constamment
munir
excitant
faux
flotter
belliqueux
quille
automne
vous-même
considérable
Laerte
obscurité
grec
lisse
instrument
nature
peser
contrainte
enfuir
consommer
Atrides
défunt
ombrager
triompher
présentement
gueux
traverse
recommencer
Démodocos
profondément
septième
abstenir
éponge
touffu
amuser
traire
fracas
désordre
choeur
inférieur
ramer
compagnie
filet
génie
exemple
adapter
dissimuler
rassasié
plan
liberté
portion
dangereux
blâmer
capable
Ciconiens
tremper
assistant
apparence
Athéné_dufourraison_hins_calbetrosny_seguier
traité
envoler
anéantir
exactement
châtier
cordeau
rasseoir
houle
attentat
javeline
Phémius
ceindre
dette
comparable
essaim
homicide
nerf
disgrâce
labeur
vallon
envier
découper
susciter
menton
provoquer
franchise
promontoire
coin
nôtres
citadelle
témoigner
oie
ancre
tranquillement
flexible
Zéphyre
dommage
espèce
clef
Pyliens
poursuite
impitoyable
railler
redire
pilier
fumer
destructeur
fâcher
Malée
lame
traître
salaire
battant
nation
navigateur
bouillonner
condamner
onze
serre
équiper
seconder
échouer
là-dessus
oubli
mien
sangloter
ivresse
dédaigner
écraser
bloc
fâcheux
nettoyer
croiseur_berard_jaccottet
impie
dix-sept
flétrir
II
grandeur
Agélaüs
domestique
diligence
souhait
déplorer
sentier
Amans_lavalterie_rochefort
éblouissant
imprudence
sel
silencieux
vide
carène
rapidité
guetter
assassin
narine
quelques-uns
maladie
révérer
interdire
solitaire
feint
flatteur
escalier
lesquelles
sur-le-champ
caresser
tellement
téter
massacrer
rade
garçon
Phéacie
histoire
portée
doré
coudée
éteindre
file
lâche
tristement
désastre
recherche
danseur
bouger
Thébain
fatigué
Egypte
loup
bétail
Ménélaos_lcdlisle
majesté
adieu
Antiphate
collier
épargne
pompeux
sincèrement
effrayant
étrange
rigueur
sécher
solliciter
génération
succéder
viser
affront
emprunter
innocent
embouchure
fauve
Perséphone
empressement
chute
déchiré
Lotophages
réparer
expier
fréquenter
quenouille
avantageux
intéresser
fortement
Aphrodite
gaillard
assistance
pâle
Thrasymède
protection
assouvir
éperdu
mugissant
haleine
supplice
affronter
meule
éloquence
languir
prolonger
maint
diligent
colline
cervelle
échauffer
lin
cithare
aligner
nier
épouvantable
Ithaciens
monstrueux
assaut
excité
fourreau
terrasser
félicité
Eôs_lcdlisle
congédier
Élide
étoile
rôti
groupe
pervers
Pisénor
raisin
sillon
embellir
verdoyant
mamelle
fumier
tribut
Doulichion
Danaens
ajuster
étaler
linge
abriter
exempt
triomphe
distingué
cheville
Arête
écumant
charmé
chaussure
capitaine
curiosité
attention
dépêcher
brasier
trident
orageux
cultiver
sapin
rond
autorité
constance
hardiesse
remuer
fêter
linceul
Notos
nez
ossement
lent
biche
col
centre
expert
cochon
boiteux
reprocher
Damastor
soustraire
châtiment
mainte
étroitement
perçant
tailler
dégager
principal
arrogant
décrire
cas
complet
Zéphyr
exercice
huitième
couvercle
devancer
reconnaissance
Orsiloque
Sidon
resplendissant
tournoyer
guérir
rocheux
bannir
sensible
plaintif
ample
rosé
Athènes
broyer
cavalier
Lesbos
survivre
pitoyable
interpeller
assassiner
indompté
drogue
plafond
grossier
retarder
boisé
effrayé
réputation
estime
véridique
agrafe
midi
égaré
jouet
mise
sévère
étonné
infécond
tente
nouvel
Eumaios_lcdlisle
obscurcir
exquis
détroit
trajet
longuement
estimer
moisson
pâlir
commerce
stupeur
tarière
fabriquer
chaleur
planche
fil
barre
noyer
sincère
Notus
tout-puissant
bande
aplanir
odorant
Ithakè_lcdlisle
profiter
baignoire
Pélée
véritable
situer
camp
rigoureux
adorer
Icarius
hérisser
terrain
glacé
défier
Troade
Olympien
allumé
tracer
épervier
rêne
futur
Parnasse
nourricier
participer
surmonter
cents
épouvante
lot
dot
couple
navré
enchanteur
abreuver
ais
blancheur
vingtième
cinquante-deux
truie
poire
attente
qualité
alentour
profondeur
au-dessous
tache
périlleux
tresse
erreur
rapprocher
sinistre
enveloppé
drap
Lemnos
Menelaüs_boitel_certon
Mégapenthès
ligne
riant
tien
succulent
Eupithée
étreindre
prochain
comparer
décorer
prémices
épier
habilement
osier
important
infliger
employer
amertume
Grâces
pique
répéter
juge
soigneusement
défaillir
figue
gris
dix-huitième
violet
dévoiler
discourir
goût
Naïades
bénir
brodequin
rôtie
inébranlable
radieux
ceint
vider
prophète
berceau
science
féroce
durer
marbre
teint
vineux
pont
convier
concerter
ménager
lavoir
çà
remarquer
mouvoir
éprendre
fleuri
Mélanthée
Érèbe
heurter
assaillir
Noémon
insensible
cruauté
grand-salle_mugler_jaccottet
mine
commode
ours
écharpe
assiéger
divertir
climat
écuyer
fourbe
bienfaisant
aisé
trêve
loto
tresser
fracasser
souple
enivrer
hurler
voiler
déclin
chanson
déplaire
tendrement
escorter
vainement
insatiable
sortie
légèrement
huit
Agélaos
endurance_dufourraison_berard_mugler_meunier
étincelle
pugilat
Samos
aise
Atlas
laboureur
élan
mienne
tumultueux
roue
dépourvoir
agréer
porteur
aveugler
gisant
vilain
signal
désireux
fouler
certainement
fixe
gravir
bec
crâne
preuve
Pontonoüs
région
enlacer
ruisseau
surface
résider
barbe
amonceler
abondamment
monument
bond
outrageant
Pisandre
Ithacque_boitel_peletierdumans
Kirkè_lcdlisle
prophétie
réflexion
engraisser
train
luire
empressé
tan
cinquième
pleuvoir
adolescence
verrou
richement
déguiser
défaut
brandir
pêcheur
pomme
éminent
prétexte
fatiguer
pareillement
dicter
croiser
commandement
sépulture
Pyle
poignée
installer
inspiration
désolé
inique
motif
parc
extraordinaire
indigent
tourmenter
balle
prospère
mûrir
barque
réfugier
Eubée
îlot
lugubre
arpent
ça
épine
dispenser
Ouranos_lcdlisle
Poseidaôn_lcdlisle
Héphaestos_berard_mugler_meunier
saccager
brumeux
nouvellement
porche
règle
barrière
Ops
renaître
maternel
frein
faîte
tourmenté
avouer
maintes
union
buisson
fouetter
ouragan
réaliser
personnage
nautonier
exceller
pommier
Polyctor
foie
surgir
zélé
Styx
cape
coteau
asphodèle
composer
calamité
nous-mêmes
extérieur
luth
Nérite
élancé
affaiblir
adoucir
expédient
vigilant
festoyer
vogue
serein
parvis
acquitter
aîné
maints
soie
millier
jugement
Lestrygons
continuel
imiter
poing
petit-fils
plancher
anse
massacre
forger
vallée
pointu
phénicien
murmure
infatigable
implacable
appareil
naissant
vermeil
hideux
trahison
Hypérion
sourd
enfer
corneille
Ilios_dufourraison_seguier_lcdlisle
exécrable
base
sûrement
accompli
Alcinous
briguer
aune
obstacle
vis-à-vis
Égyptiens
sot
rêve
posément_berard
Étéonée
événement
consolation
ambre
moelle
dépecer
Taphos
prodigue
jonc
polir
abonder
rancune
délaisser
resplendir
ballotter
estomac
maintenir
plaie
darder
incrédule
prescrire
chambrière
injurieux
assemblé
Phébus
Arcésius
massue
piété
dépendre
Atréide_lcdlisle
ramasser
guise
Ossa
Euryte
prospérité
discorde
franchement
doubler
fleurir
rivaliser
inhumain
champêtre
inventer
gland
adversaire
Cypre
invisible
Icarios_dufourraison_sommer_calbetrosny_mugler
Bacchus
esclavage
lavé
oindre
fidélité
chaudron
largesse
longer
inévitable
rêver
mutuel
constant
affranchir
Iphitus
mugissement
Myrmidons
perfidie
soucier
existence
joint
grandement
embrassement
tourmente
faillir
castor
effleurer
matinal
contentement
paisiblement
haie
équité
tonnant
appel
arranger
siffler
ressemblance
abaisser
Mélantho
border
blottir
sagement
régler
Liodès
celte
au-delà
noblesse
fraîcheur
verge
Ino
sou
splendeur
multitude
impétuosité
décret
Nestôr_lcdlisle
vouer
Parnèse
clore
saut
Amphion
antenne
environ
décocher
valet
peiner
rayonner
harangue
triomphant
démence
importer
condition
atteinte
louer
artistement
débattre
flottant
sien
concours
plongée
sceller
supposer
cruellement
céans
misérablement
Eurus
poète
intention
profit
enfler
château
infaillible
nerveux
broussaille
rosée
massif
fable
fracassé
tribu
troyens
nuire
mesurer
Latone
déguisement
importuner
net
Phorcys
allure
bâtiment
bêlant
incessamment
déplaisir_boitel_bignan_dacier_lavalterie
caillou
sexe
planer
retracer
fermé
cyprès
intact
pavé
tison
gémissant
hisser
secrètement
déplacer
bouleverser
centaure
Alcmène
premièrement
abrupt
épieu
démon
habiller
vieil
enclume
Crétois
tiède
sicilien
révolu
baudrier
Pontonoos
sueur
Thésée
degré
traitement
accomplissement
éthiopien
galant
faiblir
bêler
•
souillure
modérer
Phémios
entraver
archer
finesse
abhorrer
opinion
tertre
advenir
quereller
dévaster
hirondelle
assoupir
troyen
Philoctète
honteusement
bourg
quêter
dételer
séjourner
ruer
labourer
stupéfait
adosser
Seigneur
infernal
sûreté
saurer
office
congé
desquels
injurier
témérité
déité
pardonner
cingler
Hellade
aride
panier
bouc
vingt-deux
enflammé
assuré
visible
louange
Eurydamas
mouillé
tiers
résigner
opposé
Argienne
zéphyr
Parques
manche
lentement
informe
Diomède
clairement
Zéphire
procurer
cristal
tressaillir
volontairement
ressouvenir
possession
feindre
Aoide_lcdlisle
forge
proclamer
représenter
Thelemacque_peletierdumans
générosité
curieux
cale
intolérable
patiemment
pratiquer
peindre
modèle
fugitif
glace
parage
industrie
punition
persécuter
bref
besogne
dépens
refus
éternuer
repaître
concitoyen
ajusté
Phidon
Dodone
enjoindre
Lampétie
cueillir
Mycènes
assujettir
ramper
harmonie
navigation
Chypre
défenseur
pin
brasser
esquif
derechef
mat
éclair
ardemment
geste
servitude
parfaitement
second
broderie
volant
élégant
chaise
duvet
embraser
repasser
rangée
patrimoine
exact
instruit
nouveau-né
Erèbe
écorcher
1
détester
hameçon
mollement
Halitherse
cellier
Géants
tarir
genre
inciter
arrogance
casser
suave
invention
Persée
vous-mêmes
douzième
fossé
Eole
Tyndare
Céphalléniens
fierté
meneur
loger
malice
Orchomène
favori
justement
Phères
véritablement
Pergame
assembleur
certains
voyager
épaisseur
défi
raillerie
courtiser
quelqu'une
Dioclès
soutien
rustique
cuit
nullement
Menelas_calbetrosny_lavalterie
suggérer
poster
Cicones
Nausithoüs
passager
alliance
femelle
aucunement_dufourraison_boitel_meunier_certon
dame
expirant
tempe
Mentes
Égyptus
pli
Nausithoos
Sisyphe
Polyphide
transmettre
édifice
jeton
moeurs
foutre
mânes
chevelu
dive_seguier
Harpyes
renouveler
culture
rafraîchir
contour
vomir
Nisus
ivre
dépôt
insigne
accès
complice
réchauffer
confins
frêne
effronté
alourdir
varié
gueule
atroce
Phéacien
inexorable
indigné
tonner
débiter
Léocrite
enchantement
transformer
bouillant
Halithersès
émerveiller
machine
refuge
mouillage
voilure
astucieux
monsieur
fermeté
projeter
voisinage
gentil
Phénicie
Thétis
présider
courbe
charrue
humeur
butte
affamé
coude
aveu
visite
Jupin_boitel_seguier
peupler
levier
mystère
occident
Ismare
détendre
excepté
meurtri
changement
piquant
immensité
Achéen
montée
pis
éther
confus
Jason
griller
araignée
Rhadamanthe
cavaler
épouvanté
clan
récemment
Mastor
chef-d'oeuvre
naturel
brouter
assommer
portail
tolet
virilité
défiance
écumeux
noircir
frémissant
Troiens_lcdlisle
Troiè_lcdlisle
Égyptos
Laertès_lcdlisle
Eurykléia_lcdlisle
ensanglanté
haranguer
joyau
glouton
exterminer
Idothée
Alcinoùs_bignan
prodigieux
répartir
arrondi
multiplier
indignement
sonder
préluder
musique
actif
héritier
frissonner
cargaison
risque
resserrer
récompenser
cadence
terni
habitude
Achéennes
Deucalion
treizième
choyer
circonstance
foison
remplacer
Périmède
menu
tonne
matière
Tydée
satisfaction
alarmer
revoler
ouvragé
rein
accablant
épandre
diminuer
opulence
inflexible
joncher
éploré
découverte
équitable
Laertiade_certon_lcdlisle
accident
régaler
adultère
avoyer_lplbrun_lavalterie
Pytho
Télamon
Clytonée
Ithaké_lcdlisle
Phylo
remarquable
Ortygie
absolument
moudre
crever
avancé
étouffer
savoureux
réjouissant
étoilé
extrêmement
offense
raisonnable
redescendre
méfait
appas
solitude
tabouret
loque
Grâce
boucher
brusquement
impiété
rafale
souplesse
dérouler
souille
frêle
éloge
dévorant
amollir
roseau
us
privé
flamber
paroi
pompe
exprès
infidèle
tueur
Libye
Nestoride
Eurymakhos_lcdlisle
soi-même
prospérer
Déiphobe
Créthée
Pélias
bague_boitel_bitaube_dacier_bareste
Nausica_bareste
Alphée
habileté
balayer
violer
morne
attristé
Mentès
coureur
conclure
tige
pic
Hélios
alerte
nid
débarrasser
indigence
échappée
teinte
rapport
paume
verrat
navette
poussée
captiver
violemment
ion
cuve
opérer
dompteur
tasse
quartier
méprisable
relâcher
Kèr_lcdlisle
fortifier
Muses
graver
infamie
forain_seguier
imposant
particulièrement
vénérer
Chloris
Néoptolème
voltiger
méconnaître
pavillon
confirmer
débauche_lplbrun_dacier_lavalterie_boitel
fonds
Sidoniens
résistance
prisonnier
Furies
maintien
ombragé
trépassé
intrus_meunier_berard_froment_seguier
réveil
escorte
Digne
pourpré
austère
hardiment
démarche
ci
épars
hyacinthe
sordide
euro
fouiller
rançon
attrister
recourber
pillage
lamentation
puni
appliquer
éblouir
déchirant
velu
hostile
effrayer
frivole
recours
légèreté
broder
allié
crête
sublime
affaisser
Héraclès
reporter
dénouer
sottise
guêtrer_berard_mugler_seguier_jaccottet
commencement
limite
fantassin
conquérir
bandelette
écorché
Amphitryon
ire
amèrement
Amphiale
pressant
subit
poudre
impérieux
inextinguible
arbitre
van
échange
héroïque
lustre
ériger
élire
mobile
exiler
redoublé
coloré
communiquer
libéralité
général
pressentiment
remercier
rumeur
complaire
fiole
étonnant
panneau
onzième
Thrinacie
Héra
cru
tardif
siècle
absorber
immortalité
novice
Pirithoüs
tournée
spectateur
magnificence
coudre
inviolable
volupté
insu
bocage
Piraeos_dufourraison_berard_mugler_jaccottet
cachette
médecin
redevenir
crochu
Amphinomus_lplbrun_dacier_pessonneaux
tester
requête
excuser
replonger
fol
marteau
imprimer
Apollôn_lcdlisle
Antiphatès
falaise
encombrer
Phédon
instance
semblant
palpiter
désoler
vulgaire
Eurylochos_dufourraison_hins
insupportable
frisson
mercenaire
épeautre
grosseur
évanouir
Grégeois_certon_jamyn_peletierdumans_seguier
franc
chevet
rebelle
moquer
oisif
rallumer
touchant
brigand
hibou_hins_bignan_lplbrun_seguier
terriblement
intelligent
économe
sculpter
profitable
rugir
rétablir
boucler_berard_mugler_lcdlisle_jaccottet
bourrasque
avaler
cadre
Péribée
reculé
conforme
étui
‘
sienne
celer
Phrontis
surcroît
garni
tordu
voûté
saule
cultivé
séant
éluder
tutélaire
banni
épouvanter
saupoudrer
mâchoire
brûlé
Cydoniens
ouverture
Cythérée
ménage
réseau
Antiope
Léda
abominable
avertissement
adolescent
Démoptolème
abîmer
roy_certon_peletierdumans_lavalterie_boitel
Telemachus_certon_boitel
singulier
côtoyer
Anticlée
convenance
Antine_seguier
mollesse
triple
insultant
préjudice_hins_boitel_lavalterie
athlète
Venus
dédain
énergie
aire
rocailleux
noblement
accumuler
là-haut
pétrir
parcours
serré
entonner
débat
aiguillon
méchanceté
impuissant
impénétrable
grouper
détestable
panse
narrer
risquer
titre
leste
Aube_mugler_rochefort_seguier_jaccottet
lac
embrocher
remords
Phronios
attentivement
déterminer
Lestrygon
sort
entrecouper
vertèbre
herbage
écumer
poignet
attelage
mander
bienfaiteur
Arétos
gouverneur
loge
accommoder
fondement
justesse
circuler
santé
Phénicien
créer
adonner
Anchiale
acquit
intervenir
Ea
labour
Maron
forgeron
cuisant
ployer
dépense
vignoble
renseigner
effusion
caractère
ennuyer
complètement
sabot
remarque
piste
taillis
assigner
gîte
baleine
clos
situation
métal
Lapithes
sérénité
malin
éloigné
embarras
Antiphus
indiscret
aquilon
précipité
prévu
mangeur
département_boitel_jamyn_seguier
courtois_boitel_jamyn_seguier_certon
chance
esquiver
ombreux
crin
résidence_meunier_jamyn_froment_seguier
habitation
gourmand
disposition
illuminé_mugler_meunier_jaccottet
descendant
ingrat
expédition
Kalypsô_lcdlisle
allée
auxquelles
comprimer
marchepied
ballon
fraîchement
fraude
QUOTE_sommer
Kyklôps_lcdlisle
réprimande
calice_meunier_seguier
immédiatement_dufourraison_lplbrun_seguier_pessonneaux
développer
laurier
redemander
mielleux
replier
tourbillonner
auxiliaire
pauvreté
orient
plateau
décision
inconsolable
modeste
palmier
passant
remiser
ancêtre
sollicitude
attribuer
oppresser
chauve-souris
fumant
égayer
ignorance
bêlement
imprudemment
follement
joyeusement
incomparable
fat
délire
grenadier
clément
concert
cèdre
Leucothée
émoi
départir
repu
nouer
Iphitos
Aigisthos_lcdlisle
griffe
bataillon
Épéens
chausser
imposteur
prophétiser
ressort
entr'ouvert
débile
dispute
Sicile
espion
obstiné
intervalle
vanité
Gérénien_meunier_jaccottet
Clymène
Euryloche_boitel
proposition
orphelin
Agélas_lplbrun_giguet_seguier
cyclope_bitaube_giguet_seguier_pessonneaux
quérir
grecs
repaire
magique
astuce
complaisant_dugasmontbel_bignan_pessonneaux_rochefort
guéret
isolé
verdure
sommeiller
prouver
prunelle
languissant
plupart
aveuglement
rite
hausser
saveur_mugler_giguet_lavalterie_rochefort
bouclé
avidement
outil
ignominieux
dauphin
larguer
omettre
agilité
Eurymédon
défaillant
stupide
Chio
salon_seguier_lavalterie
renommer
inquiet
Achéron
Épire
accueillant
talon
semence
claie
aiguiser
échine
sire_boitel_peletierdumans_mugler_seguier
courtoisie_boitel
submerger
plongeon
paresse
réchapper_berard_mugler_seguier_jaccottet
arbrisseau
ravissement
chevalier_jamyn_bareste_certon
certaines
torse
chaume
associer
altérer
Kroniôn_lcdlisle
Agamemnôn_lcdlisle
muscle
indestructible
Hélénè_lcdlisle
enfiler
féliciter
ignoble
tranche
palper
dispensateur
bruyamment
instamment
Pollux
Cassandre
coi
ceste
maîtriser
cuire
Iphiclus
Elide
revue
oison
manoeuvre
élément
olympien
recoin
cep
menteur
prime
régir
affermir
terroir
receler
impur
interprète
doter
divertissement
brusque
caressant
caprice
perpétuel
Délos
infertile
concerner
grossir
patte
parjure
reluisant
quelquefois
appât
océan
vigilance
sentinelle
da
Éa
merci
Thémis
ongle
mourant
infinité
prosterner
Hippotas
empoisonner
Cocyte
rouvrir
Mélantheus_dufourraison_berard_mugler_lcdlisle
amical
prélever
gigantesque
cérémonie_boitel_jamyn_lavalterie
démarrer
ras
émerger
déshonneur
plaisant
machiner
orfèvre
rechange
méconnaissable
essai
suif
désaltérer
gant
bûche
conspirer
éhonté
cortège
énumérer
Œdipe
Eurypyle
Tantale
délié
octroyer
chiton_seguier
parfois
hutte
trinacrie
Egyste_boitel_peletierdumans_lavalterie
profusion_calbetrosny_bitaube_meunier_lavalterie
Hermione
cabinet
justifier
assidu
déjeuner
plume
Philétios_hins_giguet_jaccottet
glèbe
Ores_jamyn_peletierdumans_seguier
Éphyre
veine
Cythère
humanité
victorieux
tâtonner
prison
coller
Hippodamie
apaisant
superflu
consolant
captivité
concorde
malveillant
méprisant
rôder
quatre-vingt-dix
début
engouffrer
certitude
originaire
5
consterné
tonneau
Euryméduse
Marathon
boyau
Marche
Ténédos
Phronius
scier
commodité_boitel_dacier_lavalterie_certon
Philomélide
clôture
croissant
parquer
humblement
Tithon
lassitude
entrelacé
fidèlement
renfort
Ephyre
Eurytos
jument
incapable
solive
honoré
horizon
Stratios
étreinte
invite
adjurer
lacet
torturer
recouvrer
trouée
rapiécer
pliant
mouette
Mycène
Échéphron
Argolide
artiste
exil
bandit_meunier_berard_mugler_seguier
onctueux
mordant
éteint
agitation
insolemment
paire
nuque
IOO_jaccottet
abeille
Cimmériens
Halius
modestie
attraper
laineux
désespéré
récent
crèche
rehausser
égyptien
dragon
Thyeste
spectre
touche
Pandarée
persister
héberger
prêtre
conquête
Pallas_Athéné_dufourraison_hins_sommer_calbetrosny
charpenté_dufourraison_hins_meunier_jaccottet
moiré_dufourraison_berard_mugler_jaccottet
jalousie
suffisant
lièvre
aumône
ternir
toiser_berard_meunier
sévir
transpercer
rapace
poignard
décliner
vingt-quatre
Héphaïstos_dufourraison
évident
Télépyle
Kères_dufourraison_lcdlisle_mugler_seguier
plant
Eurytion
apostropher
perle
plongeur
Mimas
cruche
retardement
emploi
glacer
vaincu
écho
acier
fougue
goutte
brun
mutuellement
scélérat
remous
ambition
Jasion
Pléiades
geindre_berard_mugler_seguier_jaccottet
enfouir
impudence
Helene_calbetrosny_jamyn_lavalterie_boitel
muguet_jamyn_peletierdumans_boitel
vorace
attachement_bitaube_giguet_lplbrun_dacier
obstiner
Thoas
note
Messénie
rabattre
argenté
paille
pente
enflé
Mentôr_lcdlisle
tordre
accrocher
linon_berard_mugler_jaccottet
galerie
terrestre
Ikarios_lcdlisle
tromperie
équilibré_dufourraison_meunier_jaccottet
marché
pétiller
surprenant
continuellement
dépérir
Hèphaistos_lcdlisle
Paphos
Tityus
Aréthuse
indignité
Salmonée
Péro
Phèdre
Procris
Mélampe
Demodocus_boitel_lavalterie
caution
ministre
hautement
lenteur
cadet_boitel_berard_mugler_jaccottet
charpentier
effréné
Ariane
Hébé
pensif
exécution
Perséphonéia_hins_lcdlisle
Alcandre
Herméias_lcdlisle
Démodoce_lplbrun
honnêteté
excessif
meuble
basse-cour
venin
endormi
saignant
Kronide_lcdlisle_seguier
sonner
assemblage
personnel
brutal
durcir
encourageant
acropole
équipe
Hellas
négligent
fange
chambranle
abandon
distinction
dépeindre
Eurybate
considération
ficher
crépuscule_dufourraison_berard_rochefort_jaccottet
Argo
hurlement
craintif
donnée
naufragé
mouvant
illustrer
éternellement
artificieux
décence
délasser
fonction
différend
Géreste
opprimer
Gortyne
différé
défaite
lai
suc
marais
lancier_dufourraison_berard_mugler_jaccottet
comploter
hôtel
rudement
marchand
imprévu
pierreux
dorer
tenaille
bru
malfaisant
soixante
dogue
vendange
givre
amende
éclaircir
Cadmus
enterrer
Akhilleus_lcdlisle
embrasure_dufourraison_berard_mugler_meunier
Politès
carré
taon
viril
poindre
treize
rôle
épieux
luxe
subsistance
chanceler
pelle
affecter_boitel_peletierdumans_seguier_rochefort
indécis
lâchement
ici-bas
errance_mugler_meunier_jaccottet
servant
Créon
Pélion
imprécation
discord
houleux
choir
Memnon
oppresseur_bignan_lplbrun_bitaube_rochefort
sacrilège
occis_jamyn_peletierdumans_seguier_certon
Aïdès_hins
Alector
Astéris
Mantius
vision
passe-temps_lavalterie_boitel_peletierdumans_seguier
écot
rallier
dispos
familier
pratique
soigneux
gorger
prudemment
difforme
faix
scie
confusion
désastreux
encens
désarmer
laid
retenue
suaire
Doriens
mûr
exception
froncer
recommandation
sursaut
dru
assaisonner
confidence
olive
nacelle_bignan_bitaube_dacier_seguier
évanoui
enhardir
chèrement
désarmé
Nausithous
Antiphos
métamorphose
pacage
jatte
cailler
volontaire
paresseux
onc
épi
gosier
railleur
pile
fi
recourir
voleur
perdu
Achéenne
avidité
philtre
palissade
agréablement
Okéanos_berard_lcdlisle
Polybos_hins_mugler_lcdlisle
grive
favorablement
préparatif
Phylacé
dévoué
palet
cohorte_bignan_bitaube_rochefort
Polycaste
véhémence_boitel_bignan_bitaube
Laërtide_seguier
lustral
Nausikaa_lcdlisle
Olympos_lcdlisle
voracité
té
Zéthus
Auguste
Philœtius_froment_sommer_rochefort
contester
convoyer_dufourraison_mugler_meunier_jaccottet
Scyros
faciliter_boitel_dacier_lavalterie_rochefort
thrace
Danaüs
épanouir
délecter
librement
principalement
éloquent
religieux
Phœbus_certon_bareste_seguier
direction
discrétion
rembarquer
Autolykos_lcdlisle
désirable
oncle
instruction
famine
territoire
marchandise
Clytius
échoir
pie
heur
indice
Ilus
secourable
frustré
bandeau
commandant
huis_jamyn_peletierdumans_seguier_boitel
possesseur
gazon
écu
replacer
refermer
inconstance_boitel_lplbrun_giguet_lavalterie
rarement
suspect
Argiphonte_dufourraison_seguier
ressaisir
râtelier
vacarme
tenue
venue
denier
gêner
offre
harceler
gouvernement
confident
corrompre
auge
azurer
Crataïs
claquer
meugler
Actoris
linteau
aruspice
boule
présomptueux
manie
épuisé
fervent
remontrer
Artacie
mystérieux
moly
Cérés
accoutumé
couver
là-dedans
labourage
havre
amarrer
supportable
reflet_dufourraison_berard_mugler_seguier
desquelles
privilège
jouissance
aucuns
Ethiopie
meurtrir
deçà
quête
devers_jamyn_certon_peletierdumans_boitel
acheminer
sixième
atour
Eurydice
constructeur
raidir
discoureur
estrade
continu
Athènaiè_lcdlisle
vautrer
miracle
Thesprote
Mésaulios
réprimander
poreux
explorer
Hellespont
ciselé
Aphidas
quarante
répit
glacial
agreste
Autonoé
Chios
crochet
beau-père
scène
Nisos
Rhéxénor
excellence
Phédime
tremble
rets
largeur
Terre_N
joueur
muse_boitel_bitaube_bareste
enter
publier
Thoon
plantureux_dufourraison_berard_mugler_meunier
Elatrée
voiture
fragile
Énipée
enchanté
Taygète
Épicaste
Alcine_seguier
Héphestos_jaccottet
Asphalion
panthère
Iphthimé
providence
Teirésias_lcdlisle
sanguinaire_bignan_bitaube_seguier_rochefort
rivière
Gérénie_froment_bareste
Mélampus
Hypérésie
blessé
usurper
poignant
courrier_boitel_dacier_lplbrun_seguier
tortueux
dextre
galère
intime
adonc
immonde
rejaillir
subsister
fièrement
langueur
inlassable_dufourraison_berard_meunier
Anchialos
cerner
vergogne
baume
royauté
subjuguer
feuillu
nudité
générateur_hins
corniche
quémander
matelas
neigeux
réellement
interpréter
héler
Rhexénor
prélude
successivement_calbetrosny_froment_sommer_pessonneaux
par-dessus
carreau
fermement
reflux
parleur
traîtreusement
gâter
mensonger
épaissir
Éolie
déchaîné
inaccessible
embaumer
esplanade
cheminer
petit-lait
fumet
endurcir
prouesse
fanfaron
piéton
emportement
bordage_dufourraison_berard_mugler_jaccottet
reluire
mignon
réjouissance
difficulté
émailler
Cérès
foudroyant
coutumier
Solymes
venteux
Empire_jamyn_certon_rochefort
tendon
déborder
forcené
affligeant
abat
jet
consentement
Polypémon
perversité
séduisant
durée
Boéthos
incertitude
déserter_bignan_berard_jaccottet_rochefort
raser
riposte_meunier_berard_froment_seguier
indifférent
bouillon
découler
malaisé
contenu
Arnée
serve_seguier
Dymas
Thrinacrie
prophétique
suer
pâtir
champion
passeur
intarissable
embusquer
Phérès
Mégapenthe
vibrer
affectueux
donjon
citer
hormis
corbeau
enseigne
Sintiens
ravisseur
Hypérie
envieux
Daimôn_lcdlisle
sifflement
Démodoque_bitaube_seguier
dia
gorgone
Ebranleur_mugler
ride
Philète_bitaube_seguier
empoigner
terrasse
illusion
aggraver
inouï
thé
Troyennes
Eurylokhos_lcdlisle
Tirésie_lplbrun
Circe
Péléide
Amphiaraüs
Chalcis
Syrie
officier
Certe_bignan_froment_seguier
piteux
préférence
outré
cercueil_certon_bignan_seguier_rochefort
argiens
signifier
Panachéens
nuisible
gérer
Pélasges
crépu
éprouvé
conséquence
hérissé
pleurant
pêche
endosser
verdir
haineux
viscère
firmament
foudroyer
intéressant
arbuste
précis
timidité
sérieux
Événor
approche
redoublant
pétillant_berard_froment_lplbrun_rochefort
Phaeaciens_rochefort
crieur_jamyn_berard_mugler
litière
morgue
hanche
hocher
cure
malédiction
regorger
vaurien
mince
Arete_boitel
nonobstant_dufourraison_boitel_jamyn_peletierdumans
énergique
Piérie
chouette
bride
acharner
opportun
obsèques
Arètè_jamyn_lcdlisle
percée
gain
Andrémon
discerner
préoccuper
enfumé
emprisonner
pointer
épuisant
châle_dufourraison_mugler_meunier_jaccottet
éclaireur
Aphroditè_lcdlisle
Alybas
apprivoiser
Kère_dufourraison_seguier
Mantios
Amphiaraos
léguer
réel
torture
Iasus
Mésaulius
entendement
Échétus
assombrir
branlant
précédent
mirer_boitel_dacier_seguier
soc
natif_boitel_mugler_seguier_jaccottet
aventurier
salir
rebut
refaire
orateur
vôtres
sainteté_berard
armateur_dufourraison_berard_mugler_jaccottet
garant
soupçonneux
sombrer
Corbeau
Périclymène
Iphimédie
escalader
Etéonée
Ctimène
intrépidité
Onétor
requérir
Polynée
Élatrée
patron
drisse
hère
tanière
démentir
véhément
imputer
entamer
entraîneur_seguier_berard_mugler_meunier
dénombrer
Pharos
Tiresias_boitel
Skyllè_lcdlisle
Lestrigons_boitel_bitaube_lplbrun_lavalterie
madrier
Theoclimene_lavalterie
déterminé_lplbrun_bitaube_dacier_pessonneaux
appareiller
harde
Arybas
ancrer
assoupissement
Harpies
riposter_dufourraison_berard_seguier
phrase_seguier
achevé
avare
pair
flairer
convoiter
Eupithe_jamyn_peletierdumans_seguier_boitel
Eurycléa_seguier
M_bignan_giguet
germe
colorer
troublé
refluer
oisiveté
Dulichie_seguier_certon_lavalterie_boitel
complaisance
ès
guetteur
opiniâtre
tors
licence
hasarder
ravage
vermine
étrangler
oignon
siennes
val
fourré
infiniment
saillie
Aiaié_dufourraison_berard_jaccottet
Skylla_berard
hurlant
charmeur_calbetrosny_berard_mugler_dufourraison
pleinement
Eurytus
impérissable
frustrer
présager
rai
affable
blessant
poteau
subitement
incommodité_boitel_lavalterie
suspens
ravin
exaspérer
Egyptos_calbetrosny_mugler
concerté
frisé
flux
gourmander
nocturne
désagréable
détenir
instinct
avoine
impulsion
sève
suffisance
détendu
déloger
dédier
Phère
domicile
occupant
Messéniens
gaine_berard_lcdlisle_meunier
indemne
ravissant
trafic
nord
Krètè_lcdlisle
ajouré_dufourraison_berard_mugler_meunier
ressortir
veau
musclé
aigrette
H
jarret
effrontément
Étolien
vénéré
insidieux
décréter
Phrygiens_rochefort
mutin
buste
garrotter_boitel_bitaube_froment_seguier
houlette
plaquer_dufourraison_berard_mugler_meunier
proportionner_hins_dacier_lavalterie_pessonneaux
poitrail
diadème
cerveau
flanquer
grimper
Halios
Cronide_berard_mugler_meunier_jaccottet
fastueux
parricide
Epicaste
Télèphe
Polytherse
sis
négligé
lé
supplication
pudique
puberté
tableau_boitel_seguier_certon
inconsidéré
ablution
plumage
maille
défigurer
Boréas_lcdlisle
théâtre
U
conversation
prétention
Thèbe
Monte
rugissement
fréquent
noirci
réparation
coque
Dèmodokos_lcdlisle
exempter_boitel_dacier_lavalterie_pessonneaux
timon
Echétus
écarté
prestement
récolte_dufourraison_berard_meunier
Arkésios_berard_mugler_meunier_jaccottet
Phthie
encombre_boitel
Iphiclès
Lotus
cuvette_dufourraison_hins_lplbrun_dacier
inutilement
impression_lplbrun_mugler_dacier_boitel
bercer
culbuter
surcharger
loyal
aboi
ruminer_certon_mugler_seguier_jaccottet
repentir
impuni
Ilos
impatienter
séducteur
Clytus
époque
féminin_hins_certon_froment_seguier
herbu
Eurycléia_hins_mugler
renommé
bombé
noirâtre
repli
meute
foncer_berard_mugler_meunier_jaccottet
détremper
sept
embrumé
angoissé_dufourraison_berard_mugler_meunier
pourtour_seguier_berard_mugler_meunier
incessant
support
Epire
imprégner
canal
dégagé
compléter
méchamment
inanimé
ondoyant_dugasmontbel_bignan_bareste_rochefort
suffisamment
éloignement
laborieux
décharger
pavot_lplbrun_seguier_rochefort
induire
ponter_dufourraison_froment_mugler_jaccottet
cohue
veuf
flambant
enrouler
cognée
traite
clémence
ouvré
employé
madame_boitel_jamyn
dûment_dufourraison_seguier
thuya
rideau
épanoui
restaurer
enfreindre
polype
jouvenceau
sentence
Egiste_jamyn_peletierdumans_certon
Ithaquois_jamyn_peletierdumans_certon
parfaire
enserrer
occupation
maïa
Éthiopie
frimas
tempétueux_seguier_lcdlisle
moire_dufourraison_lcdlisle
Aidès_lcdlisle
Lamos
tiédir
Eurynomos
bravade
percevoir
do
Eupeithès_lcdlisle
grêle
Hylax
survivant
duper
Arétus
absolu
douteux
rassurant
adroitement
intestin
sarcasme
saillant
articulé_bitaube_dacier_seguier_pessonneaux
merveilleusement
ensanglanter
verbe_dufourraison_seguier
lutteur
respectueux
dédommager
doge_berard
joli
attenter
émail
éclabousser
discret
révolution
Géant
Anchialus
lâcheté
Ocyale
joute
Pontée
brisant_hins_froment_pessonneaux_jaccottet
panache
Doulikhios_lcdlisle
matinée
bandoulière
bienséance
destruction
provenir
jarre
buveur
Cétéens
compatissant
flacon
ébat
berge
Tityos
sonde
méconnu
évoquer
suffoquer
aboutir_seguier_pessonneaux_meunier_jaccottet
rampe
redoute
foin
Antinois_jamyn_peletierdumans
embarquement_boitel_berard_dacier_lavalterie
foret
aiguillonner
moqueur
Égyptien
figurer
rouille
inhabile
miellé
emprunt
bleuâtre
enduire
étouffant
savamment
Ëgisthe_calbetrosny_sommer
rustre
Léto
Iphite_bitaube_mugler_seguier
Oïclée
Amphiloque
Clitus
Ctésius
corsaire
expulser
modération
crédit
bal_boitel_froment_seguier_jaccottet
notable_boitel_seguier
attarder
paiement
Tout-à-coup_bignan_bitaube
bercail_bignan_seguier
inégal
immuable
incruster
hériter
sinueux
intraitable
étinceler
boisseau
braise
régulier
pelure
respecté
dévastateur
gâteau
camper_boitel_berard_seguier
pourchasser
paquet
cramponner
simplement
propager
grenade
coupé
Titye
contracter
durement
connaisseur
coche
Sunium
Égyptius
séance
déployé
phaéton
descente
représentation_boitel_lavalterie
maudire
maritime
bosquet
panique
torve_mugler_seguier
fantaisie
audacieusement
Ismaros
montagnard
pèlerin_lavalterie_boitel_peletierdumans
déduire_boitel_jamyn_peletierdumans
humainement_boitel
gratifier
décharge
dureté
faucher
sifflant
faisceau
malpropre
parquet_jamyn_dacier_seguier
ennuyeux
gent_jamyn_peletierdumans_seguier_certon
proprement
province_jamyn_bignan_seguier_certon
excepter
répété
libéral
dignité
innocence
Acaste
dénuer
interprétation
ordonnance
au-dehors_hins_mugler_jaccottet
ensorceler
brute
Arcésios
assaillant
Dulichios_giguet
saigner
parsemer
horriblement
échelle
procéder
croc
dériver
coiffer
cornouiller
résident
peste
alterner
légume
âcre
désobéir
Alcméon
sagittaire
agrément
Néion
âtre_froment_mugler_seguier
allongé_dugasmontbel_bignan_meunier
asservir
tolérable
compliqué
commensal_bignan_froment_seguier_pessonneaux
embrasé
dignement
fluide
réalité
billot
inspecter
intérieurement_boitel_pessonneaux
convoi_dufourraison_boitel_mugler_jaccottet
loqueteux
Thoosa
publiquement
Otus
tir
Evénor
Gérène_calbetrosny_sommer
contenance_boitel_bitaube
charité
ingratitude_boitel_dacier_lavalterie_rochefort
dissimulation_hins_boitel_dacier_lavalterie
soucieux
ronce
perche
aisance
trôner_berard_mugler_seguier_jaccottet
étourdi
rebord
ordure
Léodès_lplbrun_bitaube_dacier_bareste
Mégare
Chromius
ignominie
dégainer
halte_berard_mugler_seguier_jaccottet
droiture
demi
chancelant
froideur
vaillamment
glorieusement_lplbrun_dacier_bareste_boitel
Laërtiade_certon_froment_seguier
dolent
plaisanter
Ægyste_lavalterie
créance
persuasif
roux
équivoque
autoriser
retrousser
conjugal
cachot
risée
patienter
sortable_boitel
obéissance_certon_boitel_lavalterie_rochefort
brasse
naturellement
Dionysos
Eurynomè_lcdlisle_pessonneaux
Panopée
amante
funéraire
bonhomme_lplbrun_dacier_seguier
aulne
Eriphyle
cuisine
voire
adversité
princier_seguier
attabler_meunier_berard_mugler_seguier
armoire
page
cuivre
mêmement_certon_peletierdumans_seguier
couard_jamyn_peletierdumans_seguier_boitel
ultime_meunier_mugler_seguier_jaccottet
milice_seguier
miner
bravoure
gibier
profaner
désavantage_boitel_lavalterie_certon
souvenance
dégoût
pourrir
vérifier
écheveau_dufourraison_seguier_meunier
gaîment_calbetrosny_dufourraison_seguier
populeux
achat
comporter
tremblement
Zéthos
cave
frétiller
jambière_dufourraison
cuirasse
orange_bitaube_giguet_dacier_lcdlisle
ambassadeur
reproduire
égarement
gradin
négoce
Péan
contemporain
précaution
tranquillité_boitel_lcdlisle_lavalterie
abjurer_bignan_lplbrun_bitaube_rochefort
pâleur_bignan_bitaube_froment_rochefort
frayer
scintiller
Dmétor
Iasos
réciter
gêne
commande
réunion
inépuisable
écorce
grillé_dufourraison_mugler_jaccottet
fors_boitel_jamyn_peletierdumans_certon
transparent
ache
Phéaces_seguier
délivrance
promis
enfourcher
oraison
noise
durable
tondre
concubin
Egyptus_bignan_bitaube_dacier
férocité
compatir
persuasion_dugasmontbel_boitel_bitaube_meunier
distiller
Philœtios_mugler_meunier
Pirithoos_dufourraison_berard_mugler_meunier
persécuteur_bitaube_rochefort
Peisistratos_lcdlisle
Gérennien_lcdlisle
convenablement_dugasmontbel_lcdlisle_pessonneaux
largement
ramure
clouer_jamyn_mugler_seguier
attrayant_boitel_bitaube_froment_giguet
chargement
entourage_mugler_giguet_seguier_froment
Médôn_lcdlisle
dôme_seguier_froment_lplbrun_lcdlisle
multiple
négligence
décent
entrain_dufourraison_mugler_seguier
offensant
murmurer
Ithacus
créneau
pelisse_froment_seguier
ondoyer
grille_froment_lplbrun_seguier
revivre
frise
nettement
organe
engin
gai
Kyklôpes_lcdlisle
bienvenu
émotion
pêle-mêle_berard_giguet_dacier_seguier
vertige_berard_mugler_dacier_jaccottet
conformément_boitel_mugler_meunier_pessonneaux
Epéus
sauveur
directement
Euryade
barrer_hins_berard_mugler_jaccottet
perfection_boitel_sommer
aigre
Ityle
Acronée
Naubolide
Tonneur_mugler
Prymnée
Prorée
rapine
prévaloir
saumure_jaccottet
vergue
dense
coiffe
Érymanthe
aigreur
émule
Érinyes_dufourraison_meunier_jaccottet
Oedipe
surnager
trapu_berard_mugler_seguier_jaccottet
bonnet
remarier
habituel
alléger
sépulcre
cyclopes_bitaube_bareste_pessonneaux
insinuant
flamboyant
Thon
Noëmon_bignan_giguet_lplbrun_rochefort
fiancé
frange_berard_jaccottet
admirablement
apprécier
cauteleux
battu
remédier
dégât_boitel_dacier_seguier
vice
ordinairement
cuisinier
branler
reg_certon_jamyn_lavalterie
carrosse_certon_boitel
cornu
Zéphyros_lcdlisle
éminence
vacillant_berard_bignan_meunier_jaccottet
Kharybdis_lcdlisle
Thesprotiens_dacier_lavalterie
torchère_calbetrosny_berard_dufourraison_jaccottet
Amphithée
Amythaon
souterrain
inespéré
Philoetios_dufourraison_berard_meunier
fossette_boitel
Elpenor_boitel_lavalterie_certon
Itacque_boitel
affilé
sirène_bitaube_giguet_lavalterie
Melanthée_lavalterie
